#
# A fatal error has been detected by the Java Runtime Environment:
#
#  EXCEPTION_ACCESS_VIOLATION (0xc0000005) at pc=0x00007ffd8031d6e0, pid=18460, tid=18960
#
# JRE version: OpenJDK Runtime Environment Temurin-11.0.14.1+1 (11.0.14.1+1) (build 11.0.14.1+1)
# Java VM: OpenJDK 64-Bit Server VM Temurin-11.0.14.1+1 (11.0.14.1+1, mixed mode, tiered, compressed oops, g1 gc, windows-amd64)
# Problematic frame:
# V  [jvm.dll+0x68d6e0]
#
# No core dump will be written. Minidumps are not enabled by default on client versions of Windows
#
# If you would like to submit a bug report, please visit:
#   https://github.com/adoptium/adoptium-support/issues
#

---------------  S U M M A R Y ------------

Command Line: --add-opens=java.base/java.util=ALL-UNNAMED --add-opens=java.base/java.lang=ALL-UNNAMED --add-opens=java.base/java.lang.invoke=ALL-UNNAMED --add-opens=java.base/java.util=ALL-UNNAMED --add-opens=java.prefs/java.util.prefs=ALL-UNNAMED --add-opens=java.prefs/java.util.prefs=ALL-UNNAMED --add-opens=java.base/java.nio.charset=ALL-UNNAMED --add-opens=java.base/java.net=ALL-UNNAMED --add-opens=java.base/java.util.concurrent.atomic=ALL-UNNAMED -Xmx4096m -Dfile.encoding=GBK -Duser.country=CN -Duser.language=zh -Duser.variant org.gradle.launcher.daemon.bootstrap.GradleDaemon 7.5.1

Host: AMD Ryzen 7 4800U with Radeon Graphics         , 16 cores, 15G,  Windows 11 , 64 bit Build 22000 (10.0.22000.1219)
Time: Sun Mar 15 23:38:51 2026 中国标准时间 elapsed time: 305.888122 seconds (0d 0h 5m 5s)

---------------  T H R E A D  ---------------

Current thread (0x00000156222df800):  JavaThread "jar transforms Thread 13" [_thread_in_Java, id=18960, stack(0x0000000977000000,0x0000000977100000)]

Stack: [0x0000000977000000,0x0000000977100000],  sp=0x00000009770fdab0,  free space=1014k
Native frames: (J=compiled Java code, j=interpreted, Vv=VM code, C=native code)
V  [jvm.dll+0x68d6e0]
C  0x00000000000001ef


siginfo: EXCEPTION_ACCESS_VIOLATION (0xc0000005), reading address 0x00000000000b0b64


Register to memory mapping:

RIP=0x00007ffd8031d6e0 jvm.dll
RAX=0x00000000000b08ec is an unknown value
RBX=0x0000000000000150 is an unknown value
RCX=0x0000000000000014 is an unknown value
RDX=0x00000000000b08ec is an unknown value
RSP=0x00000009770fdab0 is pointing into the stack for thread: 0x00000156222df800
RBP=0x00000009770fe120 is pointing into the stack for thread: 0x00000156222df800
RSI=0x0000000000000190 is an unknown value
RDI=0x00000000000007bc is an unknown value
R8 =0x0000000000009aeb is an unknown value
R9 =0x0000000000000022 is an unknown value
R10=0x00007ffd8031d690 jvm.dll
R11=0x0000015673d51000 points into unknown readable memory: 0x0000000000000000 | 00 00 00 00 00 00 00 00
R12=0x0 is NULL
R13=4751424 is a compressed pointer to class: 0x0000000800488040
java.time.LocalDateTime {0x0000000800488048}
R14=0x0000000709c89028 is an oop: java.time.LocalDateTime 
{0x0000000709c89028} - klass: 'java/time/LocalDateTime'
R15=0x00000156222df800 is a thread


Registers:
RAX=0x00000000000b08ec, RBX=0x0000000000000150, RCX=0x0000000000000014, RDX=0x00000000000b08ec
RSP=0x00000009770fdab0, RBP=0x00000009770fe120, RSI=0x0000000000000190, RDI=0x00000000000007bc
R8 =0x0000000000009aeb, R9 =0x0000000000000022, R10=0x00007ffd8031d690, R11=0x0000015673d51000
R12=0x0000000000000000, R13=0x0000000000488040, R14=0x0000000709c89028, R15=0x00000156222df800
RIP=0x00007ffd8031d6e0, EFLAGS=0x0000000000010216

Top of Stack: (sp=0x00000009770fdab0)
0x00000009770fdab0:   0000000000000000 0000034630b8a000
0x00000009770fdac0:   0000000000000000 0000000df8475800
0x00000009770fdad0:   0000000000000000 0000000000000000
0x00000009770fdae0:   000000003b9aca00 00000000e1390a76
0x00000009770fdaf0:   0000000000000000 0000000000000000
0x00000009770fdb00:   00000009770fdb90 0000000000000140
0x00000009770fdb10:   00000009770fe120 00000000000007bc
0x00000009770fdb20:   00000000000b070c 0000000000000002
0x00000009770fdb30:   0000000709c89010 0000015620386010
0x00000009770fdb40:   0000015620386008 00000000000001ef
0x00000009770fdb50:   0000000000000014 00000000000b08ec
0x00000009770fdb60:   0000000709c85698 0000015602173f2c
0x00000009770fdb70:   00000009770fe120 00000156020a3e5c
0x00000009770fdb80:   0000000000000000 0000000709c86900
0x00000009770fdb90:   0000000709c89028 0000015600e8d62c
0x00000009770fdba0:   000000070120dcb0 0000000709c868f0 

Instructions: (pc=0x00007ffd8031d6e0)
0x00007ffd8031d5e0:   1d a8 01 75 0d 8b 83 d8 00 00 00 c1 e8 02 a8 01
0x00007ffd8031d5f0:   74 0a b2 01 48 8b cb e8 f4 be 0d 00 48 8b 4c 24
0x00007ffd8031d600:   20 e8 2a c8 a7 ff 48 8b f0 48 8d 4c 24 20 e8 8d
0x00007ffd8031d610:   45 cb ff 48 8b 9b f0 00 00 00 48 8b 43 10 48 8b
0x00007ffd8031d620:   7b 08 48 83 38 00 74 19 48 8b 53 28 48 8b cf e8
0x00007ffd8031d630:   2c 58 a3 ff 48 8b 4b 10 e8 93 57 a3 ff 48 8b 43
0x00007ffd8031d640:   10 48 89 47 10 48 8b 43 18 48 89 47 18 48 8b 43
0x00007ffd8031d650:   20 48 8b 5c 24 50 48 89 47 20 48 8b c6 48 8b 74
0x00007ffd8031d660:   24 58 48 83 c4 40 5f c3 cc cc cc cc cc cc cc cc
0x00007ffd8031d670:   0f 57 c0 f2 48 0f 2a c1 c3 cc cc cc cc cc cc cc
0x00007ffd8031d680:   0f 57 c0 f3 48 0f 2a c1 c3 cc cc cc cc cc cc cc
0x00007ffd8031d690:   48 b8 00 00 00 00 00 00 00 80 48 3b d0 75 06 48
0x00007ffd8031d6a0:   83 f9 ff 74 08 48 8b c2 48 99 48 f7 f9 c3 cc cc
0x00007ffd8031d6b0:   8b 41 10 85 c0 79 02 f7 d8 c3 cc cc cc cc cc cc
0x00007ffd8031d6c0:   48 0f af ca 48 8b c1 c3 cc cc cc cc cc cc cc cc
0x00007ffd8031d6d0:   4c 8b dc 41 54 41 56 41 57 48 81 ec 80 00 00 00
0x00007ffd8031d6e0:   4c 8b ba 78 02 00 00 4c 8b f1 49 89 5b 18 49 89
0x00007ffd8031d6f0:   6b e0 49 8b e8 49 89 7b d0 49 8b 47 18 4d 8b 67
0x00007ffd8031d700:   10 48 89 84 24 b8 00 00 00 49 8b 47 20 4d 89 6b
0x00007ffd8031d710:   c8 41 bd 01 00 00 00 48 89 44 24 20 49 8b 47 28
0x00007ffd8031d720:   4c 89 a4 24 a0 00 00 00 45 8b e5 48 89 84 24 a8
0x00007ffd8031d730:   00 00 00 48 c7 41 08 00 00 00 00 48 c7 01 00 00
0x00007ffd8031d740:   00 00 48 c7 41 28 00 00 00 00 48 c7 41 20 00 00
0x00007ffd8031d750:   00 00 48 c7 41 10 00 00 00 00 c7 41 18 02 00 00
0x00007ffd8031d760:   00 49 89 73 d8 66 66 66 0f 1f 84 00 00 00 00 00
0x00007ffd8031d770:   48 8b cd 33 db 40 32 ff e8 a3 72 c4 ff 84 c0 74
0x00007ffd8031d780:   22 48 8b cd e8 27 58 c4 ff 48 8b d8 48 85 c0 74
0x00007ffd8031d790:   65 0f b6 40 2a c0 e8 07 41 84 c4 74 59 41 0f b6
0x00007ffd8031d7a0:   fc eb 53 48 8b 75 10 48 85 f6 74 4a 48 8b 06 48
0x00007ffd8031d7b0:   8b ce ff 50 60 84 c0 74 3d 48 8b 55 08 48 8b ce
0x00007ffd8031d7c0:   48 8b 5e 78 e8 87 1e b9 ff 48 85 c0 74 28 66 90
0x00007ffd8031d7d0:   48 8b 18 48 85 db 74 11 0f b6 4b 2a c0 e9 07 84 


Stack slot to memory mapping:
stack at sp + 0 slots: 0x0 is NULL
stack at sp + 1 slots: 0x0000034630b8a000 is an unknown value
stack at sp + 2 slots: 0x0 is NULL
stack at sp + 3 slots: 0x0000000df8475800 is an unknown value
stack at sp + 4 slots: 0x0 is NULL
stack at sp + 5 slots: 0x0 is NULL
stack at sp + 6 slots: 0x000000003b9aca00 is an unknown value
stack at sp + 7 slots: 3778611830 is a compressed pointer to object: java.util.LinkedList$Node 
{0x0000000709c853b0} - klass: 'java/util/LinkedList$Node'


---------------  P R O C E S S  ---------------

Threads class SMR info:
_java_thread_list=0x000001561e31faa0, length=219, elements={
0x0000015673c70800, 0x000001561a589800, 0x000001561a58b000, 0x000001561aea8800,
0x000001561aeab800, 0x000001561aeac800, 0x000001561aead800, 0x000001561aeae800,
0x000001561aeb1800, 0x000001561b040000, 0x000001561c6ed800, 0x000001561b24b000,
0x000001561b2b4000, 0x000001561c62b800, 0x000001561cd4c800, 0x000001561d681800,
0x000001561d681000, 0x000001561d686800, 0x000001561d682800, 0x000001561d685000,
0x000001561d685800, 0x000001561e3d9000, 0x000001561e3de800, 0x000001561e3df800,
0x000001561e3da000, 0x000001561e3e0800, 0x000001561e3da800, 0x000001561e3e1000,
0x000001561e3db800, 0x000001561e3e2000, 0x000001561e3dc800, 0x000001561e3e3800,
0x000001561e3e5800, 0x000001561e3e3000, 0x000001561e3e6000, 0x000001561e3e7000,
0x000001561d687800, 0x000001561d683800, 0x000001561d684000, 0x000001561af90000,
0x000001561af8e800, 0x000001561af8c000, 0x000001561af8f000, 0x000001561af8c800,
0x000001561af90800, 0x000001561af91800, 0x000001561af92800, 0x000001561af93000,
0x000001561af8d800, 0x000001561af99000, 0x000001561af95000, 0x000001561af95800,
0x000001561af99800, 0x000001561af96800, 0x000001561af97800, 0x000001561af98000,
0x000001561af94000, 0x000001561af9a800, 0x0000015620672800, 0x0000015620671000,
0x000001562066d000, 0x0000015620673800, 0x000001562066e000, 0x0000015620674800,
0x0000015620670800, 0x0000015620672000, 0x000001562066e800, 0x0000015620675000,
0x000001562066f800, 0x000001562067b000, 0x000001562067a000, 0x000001562067b800,
0x0000015620678800, 0x0000015620677800, 0x0000015620676000, 0x0000015620677000,
0x0000015620679800, 0x000001561b984800, 0x000001561b987000, 0x000001561b988000,
0x000001561b989800, 0x000001561b986800, 0x000001561b989000, 0x000001561b984000,
0x000001561b98a800, 0x000001561b98b800, 0x000001561b985800, 0x000001561b98c000,
0x000001561b98d000, 0x000001561b98f800, 0x000001561b98e800, 0x000001561b990000,
0x000001561b991000, 0x000001561b992000, 0x000001561b992800, 0x000001561b98d800,
0x000001561e102000, 0x000001561e103000, 0x000001561e104000, 0x000001561e105800,
0x000001561e104800, 0x000001561e100800, 0x000001561e106800, 0x000001561e107000,
0x000001561e101800, 0x000001561e10d000, 0x000001561e109800, 0x000001561e10a800,
0x000001561e10d800, 0x000001561e10b000, 0x000001561e109000, 0x000001561e108000,
0x000001561e10f800, 0x000001561e10c000, 0x000001561e10e800, 0x000001561d236000,
0x000001561d239000, 0x000001561d237800, 0x000001561d238800, 0x000001561d236800,
0x000001561d233800, 0x000001561d234000, 0x000001561d23a000, 0x000001561d23a800,
0x000001561d235000, 0x000001561d23e000, 0x000001561d240800, 0x000001561d23f800,
0x000001561d23d000, 0x000001561d23f000, 0x000001561d241800, 0x000001561d23b800,
0x000001561d242000, 0x000001561d23c800, 0x000001561e3de000, 0x000001561e732000,
0x000001561e735000, 0x000001561e736000, 0x000001561e734800, 0x000001561e738800,
0x000001561e733800, 0x000001561e736800, 0x000001561e732800, 0x000001561e739000,
0x000001561e73d000, 0x000001561e73b000, 0x000001561e73a000, 0x000001561e737800,
0x000001561e73b800, 0x000001561e73c800, 0x000001561e73e000, 0x000001561e73f800,
0x000001561e73f000, 0x000001561e740800, 0x000001561e7e0800, 0x000001561e7e3000,
0x000001561e7e2000, 0x000001561e7e3800, 0x000001561e7e1000, 0x000001561e7df800,
0x000001561e7e9800, 0x000001561e7ea000, 0x000001561e7e4800, 0x000001561e7e6000,
0x000001561e7eb000, 0x000001561e7e5000, 0x000001561e7ec000, 0x000001561e7ec800,
0x000001561e7e7000, 0x000001561e7ed800, 0x000001561e7e7800, 0x000001561e7ee000,
0x000001561e7e8800, 0x00000156222ce800, 0x00000156222cb000, 0x00000156222cc000,
0x00000156222c9800, 0x00000156222cc800, 0x00000156222cd800, 0x00000156222cf000,
0x00000156222ca000, 0x00000156222d1000, 0x00000156222d5000, 0x00000156222d3000,
0x00000156222d5800, 0x00000156222d1800, 0x00000156222d0000, 0x00000156222d4000,
0x00000156222d6800, 0x00000156222d2800, 0x00000156222da800, 0x00000156222dc000,
0x00000156222db800, 0x00000156222d9800, 0x00000156222dd000, 0x00000156222d7800,
0x00000156222d8000, 0x00000156222de000, 0x00000156222de800, 0x00000156222d9000,
0x00000156222e3800, 0x00000156222e4800, 0x00000156222e2800, 0x00000156222e5000,
0x00000156222e1000, 0x00000156222df800, 0x00000156222e6000, 0x00000156222e2000,
0x00000156222e0800, 0x000001561aec3800, 0x000001561aec4800, 0x000001561aec6000,
0x000001561aec0000, 0x000001561daca800, 0x000001561dac9800, 0x000001561dacb000,
0x000001561dad2000, 0x000001561dace800, 0x000001561dacf800
}

Java Threads: ( => current thread )
  0x0000015673c70800 JavaThread "main" [_thread_blocked, id=15776, stack(0x0000000968e00000,0x0000000968f00000)]
  0x000001561a589800 JavaThread "Reference Handler" daemon [_thread_blocked, id=27184, stack(0x0000000969500000,0x0000000969600000)]
  0x000001561a58b000 JavaThread "Finalizer" daemon [_thread_blocked, id=34480, stack(0x0000000969600000,0x0000000969700000)]
  0x000001561aea8800 JavaThread "Signal Dispatcher" daemon [_thread_blocked, id=2380, stack(0x0000000969700000,0x0000000969800000)]
  0x000001561aeab800 JavaThread "Attach Listener" daemon [_thread_blocked, id=23308, stack(0x0000000969800000,0x0000000969900000)]
  0x000001561aeac800 JavaThread "Service Thread" daemon [_thread_blocked, id=27404, stack(0x0000000969900000,0x0000000969a00000)]
  0x000001561aead800 JavaThread "C2 CompilerThread0" daemon [_thread_blocked, id=28264, stack(0x0000000969a00000,0x0000000969b00000)]
  0x000001561aeae800 JavaThread "C1 CompilerThread0" daemon [_thread_blocked, id=32088, stack(0x0000000969b00000,0x0000000969c00000)]
  0x000001561aeb1800 JavaThread "Sweeper thread" daemon [_thread_blocked, id=26960, stack(0x0000000969c00000,0x0000000969d00000)]
  0x000001561b040000 JavaThread "Common-Cleaner" daemon [_thread_blocked, id=23080, stack(0x0000000969d00000,0x0000000969e00000)]
  0x000001561c6ed800 JavaThread "Daemon health stats" [_thread_blocked, id=29324, stack(0x000000096a800000,0x000000096a900000)]
  0x000001561b24b000 JavaThread "Incoming local TCP Connector on port 62556" [_thread_in_native, id=5096, stack(0x000000096a100000,0x000000096a200000)]
  0x000001561b2b4000 JavaThread "Daemon periodic checks" [_thread_blocked, id=28392, stack(0x000000096a200000,0x000000096a300000)]
  0x000001561c62b800 JavaThread "Daemon" [_thread_blocked, id=30808, stack(0x000000096a900000,0x000000096aa00000)]
  0x000001561cd4c800 JavaThread "Daemon worker" [_thread_blocked, id=24696, stack(0x000000096ac00000,0x000000096ad00000)]
  0x000001561d681800 JavaThread "Cache worker for journal cache (C:\AndroidStudio\.gradle\caches\journal-1)" [_thread_blocked, id=23628, stack(0x000000096b000000,0x000000096b100000)]
  0x000001561d681000 JavaThread "File lock request listener" [_thread_in_native, id=444, stack(0x000000096b100000,0x000000096b200000)]
  0x000001561d686800 JavaThread "Cache worker for file hash cache (C:\AndroidStudio\.gradle\caches\7.5.1\fileHashes)" [_thread_blocked, id=32336, stack(0x000000096bc00000,0x000000096bd00000)]
  0x000001561d682800 JavaThread "File watcher server" daemon [_thread_in_native, id=18496, stack(0x000000096bf00000,0x000000096c000000)]
  0x000001561d685000 JavaThread "File watcher consumer" daemon [_thread_blocked, id=33812, stack(0x000000096c000000,0x000000096c100000)]
  0x000001561d685800 JavaThread "Cache worker for file content cache (C:\AndroidStudio\.gradle\caches\7.5.1\fileContent)" [_thread_blocked, id=16764, stack(0x000000096c300000,0x000000096c400000)]
  0x000001561e3d9000 JavaThread "Cache worker for execution history cache (C:\AndroidStudio\.gradle\caches\7.5.1\executionHistory)" [_thread_blocked, id=33112, stack(0x000000096c600000,0x000000096c700000)]
  0x000001561e3de800 JavaThread "Handler for socket connection from /127.0.0.1:62556 to /127.0.0.1:62572" [_thread_in_native, id=28776, stack(0x000000096aa00000,0x000000096ab00000)]
  0x000001561e3df800 JavaThread "Cancel handler" [_thread_blocked, id=26556, stack(0x000000096a700000,0x000000096a800000)]
  0x000001561e3da000 JavaThread "Asynchronous log dispatcher for DefaultDaemonConnection: socket connection from /127.0.0.1:62556 to /127.0.0.1:62572" [_thread_blocked, id=29532, stack(0x000000096ab00000,0x000000096ac00000)]
  0x000001561e3e0800 JavaThread "Stdin handler" [_thread_blocked, id=12008, stack(0x000000096ad00000,0x000000096ae00000)]
  0x000001561e3da800 JavaThread "Daemon client event forwarder" [_thread_blocked, id=13300, stack(0x000000096ae00000,0x000000096af00000)]
  0x000001561e3e1000 JavaThread "Cache worker for checksums cache (C:\WorkSpace\Unity\Battle\Library\Bee\Android\Prj\Mono2x\Gradle\.gradle\7.5.1\checksums)" [_thread_blocked, id=27708, stack(0x000000096af00000,0x000000096b000000)]
  0x000001561e3db800 JavaThread "Cache worker for cache directory md-rule (C:\AndroidStudio\.gradle\caches\7.5.1\md-rule)" [_thread_blocked, id=14676, stack(0x000000096bd00000,0x000000096be00000)]
  0x000001561e3e2000 JavaThread "Cache worker for file hash cache (C:\WorkSpace\Unity\Battle\Library\Bee\Android\Prj\Mono2x\Gradle\.gradle\7.5.1\fileHashes)" [_thread_blocked, id=33128, stack(0x000000096be00000,0x000000096bf00000)]
  0x000001561e3dc800 JavaThread "Cache worker for cache directory md-supplier (C:\AndroidStudio\.gradle\caches\7.5.1\md-supplier)" [_thread_blocked, id=32464, stack(0x000000096c100000,0x000000096c200000)]
  0x000001561e3e3800 JavaThread "jar transforms" [_thread_blocked, id=30108, stack(0x000000096cc00000,0x000000096cd00000)]
  0x000001561e3e5800 JavaThread "jar transforms Thread 2" [_thread_blocked, id=26044, stack(0x000000096cb00000,0x000000096cc00000)]
  0x000001561e3e3000 JavaThread "Cache worker for dependencies-accessors (C:\WorkSpace\Unity\Battle\Library\Bee\Android\Prj\Mono2x\Gradle\.gradle\7.5.1\dependencies-accessors)" [_thread_blocked, id=28460, stack(0x000000096cd00000,0x000000096ce00000)]
  0x000001561e3e6000 JavaThread "jar transforms Thread 3" [_thread_in_vm, id=32176, stack(0x000000096ce00000,0x000000096cf00000)]
  0x000001561e3e7000 JavaThread "Cache worker for Build Output Cleanup Cache (C:\WorkSpace\Unity\Battle\Library\Bee\Android\Prj\Mono2x\Gradle\.gradle\buildOutputCleanup)" [_thread_blocked, id=20492, stack(0x000000096c200000,0x000000096c300000)]
  0x000001561d687800 JavaThread "Unconstrained build operations" [_thread_blocked, id=17796, stack(0x000000096c500000,0x000000096c600000)]
  0x000001561d683800 JavaThread "Unconstrained build operations Thread 2" [_thread_blocked, id=29512, stack(0x000000096c900000,0x000000096ca00000)]
  0x000001561d684000 JavaThread "Unconstrained build operations Thread 3" [_thread_blocked, id=12980, stack(0x000000096cf00000,0x000000096d000000)]
  0x000001561af90000 JavaThread "Unconstrained build operations Thread 4" [_thread_blocked, id=28408, stack(0x000000096d000000,0x000000096d100000)]
  0x000001561af8e800 JavaThread "Unconstrained build operations Thread 5" [_thread_blocked, id=20624, stack(0x000000096d100000,0x000000096d200000)]
  0x000001561af8c000 JavaThread "Unconstrained build operations Thread 6" [_thread_blocked, id=27432, stack(0x000000096d200000,0x000000096d300000)]
  0x000001561af8f000 JavaThread "Unconstrained build operations Thread 7" [_thread_blocked, id=12636, stack(0x000000096d300000,0x000000096d400000)]
  0x000001561af8c800 JavaThread "Unconstrained build operations Thread 8" [_thread_blocked, id=31132, stack(0x000000096d400000,0x000000096d500000)]
  0x000001561af90800 JavaThread "Unconstrained build operations Thread 9" [_thread_blocked, id=28524, stack(0x000000096d500000,0x000000096d600000)]
  0x000001561af91800 JavaThread "Unconstrained build operations Thread 10" [_thread_blocked, id=33828, stack(0x000000096d600000,0x000000096d700000)]
  0x000001561af92800 JavaThread "Unconstrained build operations Thread 11" [_thread_blocked, id=23372, stack(0x000000096d700000,0x000000096d800000)]
  0x000001561af93000 JavaThread "Unconstrained build operations Thread 12" [_thread_blocked, id=21660, stack(0x000000096d800000,0x000000096d900000)]
  0x000001561af8d800 JavaThread "Unconstrained build operations Thread 13" [_thread_blocked, id=30780, stack(0x000000096d900000,0x000000096da00000)]
  0x000001561af99000 JavaThread "Unconstrained build operations Thread 14" [_thread_blocked, id=13308, stack(0x000000096da00000,0x000000096db00000)]
  0x000001561af95000 JavaThread "Unconstrained build operations Thread 15" [_thread_blocked, id=33588, stack(0x000000096db00000,0x000000096dc00000)]
  0x000001561af95800 JavaThread "Unconstrained build operations Thread 16" [_thread_blocked, id=2396, stack(0x000000096dc00000,0x000000096dd00000)]
  0x000001561af99800 JavaThread "Unconstrained build operations Thread 17" [_thread_blocked, id=22716, stack(0x000000096dd00000,0x000000096de00000)]
  0x000001561af96800 JavaThread "Unconstrained build operations Thread 18" [_thread_blocked, id=26508, stack(0x000000096de00000,0x000000096df00000)]
  0x000001561af97800 JavaThread "Unconstrained build operations Thread 19" [_thread_blocked, id=3844, stack(0x000000096df00000,0x000000096e000000)]
  0x000001561af98000 JavaThread "Unconstrained build operations Thread 20" [_thread_blocked, id=25140, stack(0x000000096e000000,0x000000096e100000)]
  0x000001561af94000 JavaThread "Unconstrained build operations Thread 21" [_thread_blocked, id=20848, stack(0x000000096e100000,0x000000096e200000)]
  0x000001561af9a800 JavaThread "Unconstrained build operations Thread 22" [_thread_blocked, id=21444, stack(0x000000096e200000,0x000000096e300000)]
  0x0000015620672800 JavaThread "Unconstrained build operations Thread 23" [_thread_blocked, id=34784, stack(0x000000096e300000,0x000000096e400000)]
  0x0000015620671000 JavaThread "Unconstrained build operations Thread 24" [_thread_blocked, id=32588, stack(0x000000096e400000,0x000000096e500000)]
  0x000001562066d000 JavaThread "Unconstrained build operations Thread 25" [_thread_blocked, id=27032, stack(0x000000096e500000,0x000000096e600000)]
  0x0000015620673800 JavaThread "Unconstrained build operations Thread 26" [_thread_blocked, id=32756, stack(0x000000096e600000,0x000000096e700000)]
  0x000001562066e000 JavaThread "Unconstrained build operations Thread 27" [_thread_blocked, id=34024, stack(0x000000096e700000,0x000000096e800000)]
  0x0000015620674800 JavaThread "Unconstrained build operations Thread 28" [_thread_blocked, id=28044, stack(0x000000096e800000,0x000000096e900000)]
  0x0000015620670800 JavaThread "Unconstrained build operations Thread 29" [_thread_blocked, id=2312, stack(0x000000096e900000,0x000000096ea00000)]
  0x0000015620672000 JavaThread "Unconstrained build operations Thread 30" [_thread_blocked, id=29280, stack(0x000000096ea00000,0x000000096eb00000)]
  0x000001562066e800 JavaThread "Unconstrained build operations Thread 31" [_thread_blocked, id=12424, stack(0x000000096eb00000,0x000000096ec00000)]
  0x0000015620675000 JavaThread "Unconstrained build operations Thread 32" [_thread_blocked, id=21512, stack(0x000000096ed00000,0x000000096ee00000)]
  0x000001562066f800 JavaThread "Unconstrained build operations Thread 33" [_thread_blocked, id=16352, stack(0x000000096ee00000,0x000000096ef00000)]
  0x000001562067b000 JavaThread "Unconstrained build operations Thread 34" [_thread_blocked, id=27456, stack(0x000000096ef00000,0x000000096f000000)]
  0x000001562067a000 JavaThread "Unconstrained build operations Thread 35" [_thread_blocked, id=31704, stack(0x000000096f000000,0x000000096f100000)]
  0x000001562067b800 JavaThread "Unconstrained build operations Thread 36" [_thread_blocked, id=33900, stack(0x000000096f100000,0x000000096f200000)]
  0x0000015620678800 JavaThread "Unconstrained build operations Thread 37" [_thread_blocked, id=10256, stack(0x000000096f200000,0x000000096f300000)]
  0x0000015620677800 JavaThread "Unconstrained build operations Thread 38" [_thread_blocked, id=18352, stack(0x000000096f300000,0x000000096f400000)]
  0x0000015620676000 JavaThread "Unconstrained build operations Thread 39" [_thread_blocked, id=9260, stack(0x000000096f400000,0x000000096f500000)]
  0x0000015620677000 JavaThread "Unconstrained build operations Thread 40" [_thread_blocked, id=23968, stack(0x000000096f500000,0x000000096f600000)]
  0x0000015620679800 JavaThread "Unconstrained build operations Thread 41" [_thread_blocked, id=16392, stack(0x000000096f600000,0x000000096f700000)]
  0x000001561b984800 JavaThread "Unconstrained build operations Thread 42" [_thread_blocked, id=33740, stack(0x000000096f700000,0x000000096f800000)]
  0x000001561b987000 JavaThread "Unconstrained build operations Thread 43" [_thread_blocked, id=22372, stack(0x000000096f800000,0x000000096f900000)]
  0x000001561b988000 JavaThread "Unconstrained build operations Thread 44" [_thread_blocked, id=11052, stack(0x000000096f900000,0x000000096fa00000)]
  0x000001561b989800 JavaThread "Unconstrained build operations Thread 45" [_thread_blocked, id=17288, stack(0x000000096fa00000,0x000000096fb00000)]
  0x000001561b986800 JavaThread "Unconstrained build operations Thread 46" [_thread_blocked, id=26432, stack(0x000000096fb00000,0x000000096fc00000)]
  0x000001561b989000 JavaThread "Unconstrained build operations Thread 47" [_thread_blocked, id=22808, stack(0x000000096fc00000,0x000000096fd00000)]
  0x000001561b984000 JavaThread "Unconstrained build operations Thread 48" [_thread_blocked, id=23880, stack(0x000000096fd00000,0x000000096fe00000)]
  0x000001561b98a800 JavaThread "Unconstrained build operations Thread 49" [_thread_blocked, id=5724, stack(0x000000096fe00000,0x000000096ff00000)]
  0x000001561b98b800 JavaThread "Unconstrained build operations Thread 50" [_thread_blocked, id=34280, stack(0x000000096ff00000,0x0000000970000000)]
  0x000001561b985800 JavaThread "Unconstrained build operations Thread 51" [_thread_blocked, id=30312, stack(0x0000000970000000,0x0000000970100000)]
  0x000001561b98c000 JavaThread "Unconstrained build operations Thread 52" [_thread_blocked, id=768, stack(0x0000000969e00000,0x0000000969f00000)]
  0x000001561b98d000 JavaThread "Unconstrained build operations Thread 53" [_thread_blocked, id=24384, stack(0x0000000969f00000,0x000000096a000000)]
  0x000001561b98f800 JavaThread "Unconstrained build operations Thread 54" [_thread_blocked, id=24488, stack(0x000000096c800000,0x000000096c900000)]
  0x000001561b98e800 JavaThread "Unconstrained build operations Thread 55" [_thread_blocked, id=14164, stack(0x000000096ec00000,0x000000096ed00000)]
  0x000001561b990000 JavaThread "Unconstrained build operations Thread 56" [_thread_blocked, id=18184, stack(0x0000000970100000,0x0000000970200000)]
  0x000001561b991000 JavaThread "Unconstrained build operations Thread 57" [_thread_blocked, id=2308, stack(0x0000000970200000,0x0000000970300000)]
  0x000001561b992000 JavaThread "Unconstrained build operations Thread 58" [_thread_blocked, id=18776, stack(0x0000000970300000,0x0000000970400000)]
  0x000001561b992800 JavaThread "Unconstrained build operations Thread 59" [_thread_blocked, id=33064, stack(0x0000000970400000,0x0000000970500000)]
  0x000001561b98d800 JavaThread "Unconstrained build operations Thread 60" [_thread_blocked, id=34168, stack(0x0000000970500000,0x0000000970600000)]
  0x000001561e102000 JavaThread "Unconstrained build operations Thread 61" [_thread_blocked, id=26516, stack(0x0000000970600000,0x0000000970700000)]
  0x000001561e103000 JavaThread "Unconstrained build operations Thread 62" [_thread_blocked, id=24424, stack(0x0000000970700000,0x0000000970800000)]
  0x000001561e104000 JavaThread "Unconstrained build operations Thread 63" [_thread_blocked, id=19432, stack(0x0000000970900000,0x0000000970a00000)]
  0x000001561e105800 JavaThread "Unconstrained build operations Thread 64" [_thread_blocked, id=21296, stack(0x0000000970c00000,0x0000000970d00000)]
  0x000001561e104800 JavaThread "Unconstrained build operations Thread 65" [_thread_blocked, id=22584, stack(0x000000096c400000,0x000000096c500000)]
  0x000001561e100800 JavaThread "Unconstrained build operations Thread 66" [_thread_blocked, id=34656, stack(0x0000000970800000,0x0000000970900000)]
  0x000001561e106800 JavaThread "Unconstrained build operations Thread 67" [_thread_blocked, id=32128, stack(0x0000000970d00000,0x0000000970e00000)]
  0x000001561e107000 JavaThread "Unconstrained build operations Thread 68" [_thread_blocked, id=24172, stack(0x0000000970e00000,0x0000000970f00000)]
  0x000001561e101800 JavaThread "Unconstrained build operations Thread 69" [_thread_blocked, id=27684, stack(0x0000000971200000,0x0000000971300000)]
  0x000001561e10d000 JavaThread "Unconstrained build operations Thread 70" [_thread_blocked, id=33888, stack(0x0000000971300000,0x0000000971400000)]
  0x000001561e109800 JavaThread "Unconstrained build operations Thread 71" [_thread_blocked, id=7296, stack(0x0000000971100000,0x0000000971200000)]
  0x000001561e10a800 JavaThread "Unconstrained build operations Thread 72" [_thread_blocked, id=32816, stack(0x0000000971400000,0x0000000971500000)]
  0x000001561e10d800 JavaThread "Unconstrained build operations Thread 73" [_thread_blocked, id=22552, stack(0x0000000971500000,0x0000000971600000)]
  0x000001561e10b000 JavaThread "Unconstrained build operations Thread 74" [_thread_blocked, id=28080, stack(0x0000000971600000,0x0000000971700000)]
  0x000001561e109000 JavaThread "Unconstrained build operations Thread 75" [_thread_blocked, id=17720, stack(0x0000000971700000,0x0000000971800000)]
  0x000001561e108000 JavaThread "Unconstrained build operations Thread 76" [_thread_blocked, id=15268, stack(0x0000000971800000,0x0000000971900000)]
  0x000001561e10f800 JavaThread "Unconstrained build operations Thread 77" [_thread_blocked, id=2640, stack(0x0000000970f00000,0x0000000971000000)]
  0x000001561e10c000 JavaThread "Unconstrained build operations Thread 78" [_thread_blocked, id=28416, stack(0x0000000971000000,0x0000000971100000)]
  0x000001561e10e800 JavaThread "Unconstrained build operations Thread 79" [_thread_blocked, id=33652, stack(0x0000000971900000,0x0000000971a00000)]
  0x000001561d236000 JavaThread "Unconstrained build operations Thread 80" [_thread_blocked, id=23932, stack(0x0000000971a00000,0x0000000971b00000)]
  0x000001561d239000 JavaThread "Unconstrained build operations Thread 81" [_thread_blocked, id=32284, stack(0x0000000971b00000,0x0000000971c00000)]
  0x000001561d237800 JavaThread "Unconstrained build operations Thread 82" [_thread_blocked, id=28892, stack(0x0000000971c00000,0x0000000971d00000)]
  0x000001561d238800 JavaThread "Unconstrained build operations Thread 83" [_thread_blocked, id=25348, stack(0x0000000971d00000,0x0000000971e00000)]
  0x000001561d236800 JavaThread "Unconstrained build operations Thread 84" [_thread_blocked, id=30840, stack(0x0000000971e00000,0x0000000971f00000)]
  0x000001561d233800 JavaThread "Unconstrained build operations Thread 85" [_thread_blocked, id=15740, stack(0x0000000971f00000,0x0000000972000000)]
  0x000001561d234000 JavaThread "Unconstrained build operations Thread 86" [_thread_blocked, id=6060, stack(0x0000000972000000,0x0000000972100000)]
  0x000001561d23a000 JavaThread "Unconstrained build operations Thread 87" [_thread_blocked, id=19452, stack(0x0000000972100000,0x0000000972200000)]
  0x000001561d23a800 JavaThread "Unconstrained build operations Thread 88" [_thread_blocked, id=31316, stack(0x0000000972300000,0x0000000972400000)]
  0x000001561d235000 JavaThread "Unconstrained build operations Thread 89" [_thread_blocked, id=7324, stack(0x0000000972400000,0x0000000972500000)]
  0x000001561d23e000 JavaThread "Unconstrained build operations Thread 90" [_thread_blocked, id=34092, stack(0x0000000972500000,0x0000000972600000)]
  0x000001561d240800 JavaThread "Unconstrained build operations Thread 91" [_thread_blocked, id=27920, stack(0x0000000968b00000,0x0000000968c00000)]
  0x000001561d23f800 JavaThread "Unconstrained build operations Thread 92" [_thread_blocked, id=12456, stack(0x0000000968c00000,0x0000000968d00000)]
  0x000001561d23d000 JavaThread "Unconstrained build operations Thread 93" [_thread_blocked, id=25656, stack(0x0000000968d00000,0x0000000968e00000)]
  0x000001561d23f000 JavaThread "Unconstrained build operations Thread 94" [_thread_blocked, id=25056, stack(0x0000000972200000,0x0000000972300000)]
  0x000001561d241800 JavaThread "Unconstrained build operations Thread 95" [_thread_blocked, id=23120, stack(0x0000000972600000,0x0000000972700000)]
  0x000001561d23b800 JavaThread "Unconstrained build operations Thread 96" [_thread_blocked, id=4400, stack(0x0000000972700000,0x0000000972800000)]
  0x000001561d242000 JavaThread "Unconstrained build operations Thread 97" [_thread_blocked, id=29340, stack(0x0000000972800000,0x0000000972900000)]
  0x000001561d23c800 JavaThread "Unconstrained build operations Thread 98" [_thread_blocked, id=31012, stack(0x0000000972900000,0x0000000972a00000)]
  0x000001561e3de000 JavaThread "Unconstrained build operations Thread 99" [_thread_blocked, id=32568, stack(0x000000096ca00000,0x000000096cb00000)]
  0x000001561e732000 JavaThread "Unconstrained build operations Thread 100" [_thread_blocked, id=31684, stack(0x0000000972a00000,0x0000000972b00000)]
  0x000001561e735000 JavaThread "Unconstrained build operations Thread 101" [_thread_blocked, id=19988, stack(0x0000000972b00000,0x0000000972c00000)]
  0x000001561e736000 JavaThread "Unconstrained build operations Thread 102" [_thread_blocked, id=26956, stack(0x0000000972c00000,0x0000000972d00000)]
  0x000001561e734800 JavaThread "Unconstrained build operations Thread 103" [_thread_blocked, id=4580, stack(0x0000000972d00000,0x0000000972e00000)]
  0x000001561e738800 JavaThread "Unconstrained build operations Thread 104" [_thread_blocked, id=10808, stack(0x0000000972e00000,0x0000000972f00000)]
  0x000001561e733800 JavaThread "Unconstrained build operations Thread 105" [_thread_blocked, id=31036, stack(0x0000000972f00000,0x0000000973000000)]
  0x000001561e736800 JavaThread "Unconstrained build operations Thread 106" [_thread_blocked, id=18964, stack(0x0000000973000000,0x0000000973100000)]
  0x000001561e732800 JavaThread "Unconstrained build operations Thread 107" [_thread_blocked, id=31152, stack(0x0000000973100000,0x0000000973200000)]
  0x000001561e739000 JavaThread "Unconstrained build operations Thread 108" [_thread_blocked, id=30964, stack(0x0000000973300000,0x0000000973400000)]
  0x000001561e73d000 JavaThread "Unconstrained build operations Thread 109" [_thread_blocked, id=3964, stack(0x0000000973400000,0x0000000973500000)]
  0x000001561e73b000 JavaThread "Unconstrained build operations Thread 110" [_thread_blocked, id=33104, stack(0x0000000973500000,0x0000000973600000)]
  0x000001561e73a000 JavaThread "Unconstrained build operations Thread 111" [_thread_blocked, id=27004, stack(0x0000000973600000,0x0000000973700000)]
  0x000001561e737800 JavaThread "Unconstrained build operations Thread 112" [_thread_blocked, id=22004, stack(0x0000000973700000,0x0000000973800000)]
  0x000001561e73b800 JavaThread "Unconstrained build operations Thread 113" [_thread_blocked, id=33788, stack(0x0000000973800000,0x0000000973900000)]
  0x000001561e73c800 JavaThread "Unconstrained build operations Thread 114" [_thread_blocked, id=25784, stack(0x0000000973900000,0x0000000973a00000)]
  0x000001561e73e000 JavaThread "Unconstrained build operations Thread 115" [_thread_blocked, id=32920, stack(0x0000000973a00000,0x0000000973b00000)]
  0x000001561e73f800 JavaThread "Unconstrained build operations Thread 116" [_thread_blocked, id=14732, stack(0x0000000973b00000,0x0000000973c00000)]
  0x000001561e73f000 JavaThread "Unconstrained build operations Thread 117" [_thread_blocked, id=20824, stack(0x0000000973c00000,0x0000000973d00000)]
  0x000001561e740800 JavaThread "Unconstrained build operations Thread 118" [_thread_blocked, id=30036, stack(0x0000000973d00000,0x0000000973e00000)]
  0x000001561e7e0800 JavaThread "Unconstrained build operations Thread 119" [_thread_blocked, id=34572, stack(0x0000000973e00000,0x0000000973f00000)]
  0x000001561e7e3000 JavaThread "Unconstrained build operations Thread 120" [_thread_blocked, id=31068, stack(0x0000000973f00000,0x0000000974000000)]
  0x000001561e7e2000 JavaThread "Unconstrained build operations Thread 121" [_thread_blocked, id=34680, stack(0x0000000974000000,0x0000000974100000)]
  0x000001561e7e3800 JavaThread "Unconstrained build operations Thread 122" [_thread_blocked, id=26660, stack(0x0000000974100000,0x0000000974200000)]
  0x000001561e7e1000 JavaThread "Unconstrained build operations Thread 123" [_thread_blocked, id=13884, stack(0x0000000974200000,0x0000000974300000)]
  0x000001561e7df800 JavaThread "Unconstrained build operations Thread 124" [_thread_blocked, id=28836, stack(0x0000000974300000,0x0000000974400000)]
  0x000001561e7e9800 JavaThread "Unconstrained build operations Thread 125" [_thread_blocked, id=28932, stack(0x0000000974400000,0x0000000974500000)]
  0x000001561e7ea000 JavaThread "Unconstrained build operations Thread 126" [_thread_blocked, id=2604, stack(0x0000000974500000,0x0000000974600000)]
  0x000001561e7e4800 JavaThread "Unconstrained build operations Thread 127" [_thread_blocked, id=7956, stack(0x0000000974600000,0x0000000974700000)]
  0x000001561e7e6000 JavaThread "Unconstrained build operations Thread 128" [_thread_blocked, id=23260, stack(0x0000000974700000,0x0000000974800000)]
  0x000001561e7eb000 JavaThread "Unconstrained build operations Thread 129" [_thread_blocked, id=17116, stack(0x0000000974800000,0x0000000974900000)]
  0x000001561e7e5000 JavaThread "Unconstrained build operations Thread 130" [_thread_blocked, id=30224, stack(0x0000000974900000,0x0000000974a00000)]
  0x000001561e7ec000 JavaThread "Unconstrained build operations Thread 131" [_thread_blocked, id=19312, stack(0x0000000974a00000,0x0000000974b00000)]
  0x000001561e7ec800 JavaThread "Unconstrained build operations Thread 132" [_thread_blocked, id=16908, stack(0x0000000974b00000,0x0000000974c00000)]
  0x000001561e7e7000 JavaThread "Unconstrained build operations Thread 133" [_thread_blocked, id=10824, stack(0x0000000974c00000,0x0000000974d00000)]
  0x000001561e7ed800 JavaThread "Unconstrained build operations Thread 134" [_thread_blocked, id=30528, stack(0x0000000974d00000,0x0000000974e00000)]
  0x000001561e7e7800 JavaThread "Unconstrained build operations Thread 135" [_thread_blocked, id=30096, stack(0x0000000974e00000,0x0000000974f00000)]
  0x000001561e7ee000 JavaThread "Unconstrained build operations Thread 136" [_thread_blocked, id=32004, stack(0x0000000974f00000,0x0000000975000000)]
  0x000001561e7e8800 JavaThread "Unconstrained build operations Thread 137" [_thread_blocked, id=10460, stack(0x0000000975000000,0x0000000975100000)]
  0x00000156222ce800 JavaThread "Unconstrained build operations Thread 138" [_thread_blocked, id=24464, stack(0x0000000975100000,0x0000000975200000)]
  0x00000156222cb000 JavaThread "Unconstrained build operations Thread 139" [_thread_blocked, id=19640, stack(0x0000000975200000,0x0000000975300000)]
  0x00000156222cc000 JavaThread "Unconstrained build operations Thread 140" [_thread_blocked, id=19792, stack(0x0000000975300000,0x0000000975400000)]
  0x00000156222c9800 JavaThread "Unconstrained build operations Thread 141" [_thread_blocked, id=33348, stack(0x0000000975400000,0x0000000975500000)]
  0x00000156222cc800 JavaThread "Unconstrained build operations Thread 142" [_thread_blocked, id=11160, stack(0x0000000975500000,0x0000000975600000)]
  0x00000156222cd800 JavaThread "Unconstrained build operations Thread 143" [_thread_blocked, id=33088, stack(0x0000000975600000,0x0000000975700000)]
  0x00000156222cf000 JavaThread "Unconstrained build operations Thread 144" [_thread_blocked, id=27296, stack(0x0000000975700000,0x0000000975800000)]
  0x00000156222ca000 JavaThread "Unconstrained build operations Thread 145" [_thread_blocked, id=34532, stack(0x0000000975800000,0x0000000975900000)]
  0x00000156222d1000 JavaThread "Unconstrained build operations Thread 146" [_thread_blocked, id=32168, stack(0x0000000975900000,0x0000000975a00000)]
  0x00000156222d5000 JavaThread "Unconstrained build operations Thread 147" [_thread_blocked, id=26800, stack(0x0000000975a00000,0x0000000975b00000)]
  0x00000156222d3000 JavaThread "Unconstrained build operations Thread 148" [_thread_blocked, id=20008, stack(0x0000000975b00000,0x0000000975c00000)]
  0x00000156222d5800 JavaThread "Unconstrained build operations Thread 149" [_thread_blocked, id=31136, stack(0x0000000975c00000,0x0000000975d00000)]
  0x00000156222d1800 JavaThread "Unconstrained build operations Thread 150" [_thread_blocked, id=13044, stack(0x0000000975d00000,0x0000000975e00000)]
  0x00000156222d0000 JavaThread "Unconstrained build operations Thread 151" [_thread_blocked, id=26840, stack(0x0000000975e00000,0x0000000975f00000)]
  0x00000156222d4000 JavaThread "Unconstrained build operations Thread 152" [_thread_blocked, id=31672, stack(0x0000000975f00000,0x0000000976000000)]
  0x00000156222d6800 JavaThread "Unconstrained build operations Thread 153" [_thread_blocked, id=20636, stack(0x0000000976000000,0x0000000976100000)]
  0x00000156222d2800 JavaThread "Unconstrained build operations Thread 154" [_thread_blocked, id=29232, stack(0x0000000976100000,0x0000000976200000)]
  0x00000156222da800 JavaThread "Unconstrained build operations Thread 155" [_thread_blocked, id=10572, stack(0x0000000976200000,0x0000000976300000)]
  0x00000156222dc000 JavaThread "Unconstrained build operations Thread 156" [_thread_blocked, id=23228, stack(0x0000000976300000,0x0000000976400000)]
  0x00000156222db800 JavaThread "Unconstrained build operations Thread 157" [_thread_blocked, id=17412, stack(0x0000000976400000,0x0000000976500000)]
  0x00000156222d9800 JavaThread "Unconstrained build operations Thread 158" [_thread_blocked, id=23024, stack(0x0000000976500000,0x0000000976600000)]
  0x00000156222dd000 JavaThread "Unconstrained build operations Thread 159" [_thread_blocked, id=27160, stack(0x0000000976600000,0x0000000976700000)]
  0x00000156222d7800 JavaThread "Unconstrained build operations Thread 160" [_thread_blocked, id=18356, stack(0x0000000976700000,0x0000000976800000)]
  0x00000156222d8000 JavaThread "jar transforms Thread 4" [_thread_in_vm, id=24128, stack(0x0000000973200000,0x0000000973300000)]
  0x00000156222de000 JavaThread "jar transforms Thread 5" [_thread_blocked, id=26992, stack(0x0000000976800000,0x0000000976900000)]
  0x00000156222de800 JavaThread "jar transforms Thread 6" [_thread_in_vm, id=27828, stack(0x0000000976900000,0x0000000976a00000)]
  0x00000156222d9000 JavaThread "jar transforms Thread 7" [_thread_in_vm, id=30736, stack(0x0000000976a00000,0x0000000976b00000)]
  0x00000156222e3800 JavaThread "jar transforms Thread 8" [_thread_in_vm, id=31440, stack(0x0000000976b00000,0x0000000976c00000)]
  0x00000156222e4800 JavaThread "jar transforms Thread 9" [_thread_blocked, id=7400, stack(0x0000000976c00000,0x0000000976d00000)]
  0x00000156222e2800 JavaThread "jar transforms Thread 10" [_thread_blocked, id=4308, stack(0x0000000976d00000,0x0000000976e00000)]
  0x00000156222e5000 JavaThread "jar transforms Thread 11" [_thread_blocked, id=19924, stack(0x0000000976e00000,0x0000000976f00000)]
  0x00000156222e1000 JavaThread "jar transforms Thread 12" [_thread_in_vm, id=23404, stack(0x0000000976f00000,0x0000000977000000)]
=>0x00000156222df800 JavaThread "jar transforms Thread 13" [_thread_in_Java, id=18960, stack(0x0000000977000000,0x0000000977100000)]
  0x00000156222e6000 JavaThread "jar transforms Thread 14" [_thread_blocked, id=8860, stack(0x0000000977100000,0x0000000977200000)]
  0x00000156222e2000 JavaThread "jar transforms Thread 15" [_thread_blocked, id=29748, stack(0x0000000977200000,0x0000000977300000)]
  0x00000156222e0800 JavaThread "jar transforms Thread 16" [_thread_in_vm, id=29844, stack(0x0000000977300000,0x0000000977400000)]
  0x000001561aec3800 JavaThread "C2 CompilerThread1" daemon [_thread_blocked, id=19852, stack(0x0000000977400000,0x0000000977500000)]
  0x000001561aec4800 JavaThread "C2 CompilerThread2" daemon [_thread_blocked, id=12996, stack(0x0000000977500000,0x0000000977600000)]
  0x000001561aec6000 JavaThread "C2 CompilerThread3" daemon [_thread_in_native, id=16992, stack(0x0000000977600000,0x0000000977700000)]
  0x000001561aec0000 JavaThread "C1 CompilerThread1" daemon [_thread_blocked, id=19688, stack(0x0000000977700000,0x0000000977800000)]
  0x000001561daca800 JavaThread "C1 CompilerThread2" daemon [_thread_blocked, id=30932, stack(0x0000000977800000,0x0000000977900000)]
  0x000001561dac9800 JavaThread "C2 CompilerThread4" daemon [_thread_blocked, id=23204, stack(0x0000000977900000,0x0000000977a00000)]
  0x000001561dacb000 JavaThread "C1 CompilerThread3" daemon [_thread_blocked, id=26396, stack(0x0000000977a00000,0x0000000977b00000)]
  0x000001561dad2000 JavaThread "C2 CompilerThread5" daemon [_thread_in_native, id=26928, stack(0x0000000977b00000,0x0000000977c00000)]
  0x000001561dace800 JavaThread "C2 CompilerThread6" daemon [_thread_blocked, id=20496, stack(0x0000000977c00000,0x0000000977d00000)]
  0x000001561dacf800 JavaThread "C2 CompilerThread7" daemon [_thread_blocked, id=16828, stack(0x0000000977d00000,0x0000000977e00000)]

Other Threads:
  0x000001561a585800 VMThread "VM Thread" [stack: 0x0000000969400000,0x0000000969500000] [id=30492] _threads_hazard_ptr=0x000001561e31faa0
  0x000001561b038800 WatcherThread [stack: 0x000000096a000000,0x000000096a100000] [id=27048]
  0x0000015673c8b000 GCTaskThread "GC Thread#0" [stack: 0x0000000968f00000,0x0000000969000000] [id=5072]
  0x000001561b9f4800 GCTaskThread "GC Thread#1" [stack: 0x000000096a300000,0x000000096a400000] [id=25764]
  0x000001561bc7a800 GCTaskThread "GC Thread#2" [stack: 0x000000096a400000,0x000000096a500000] [id=33248]
  0x000001561bcef000 GCTaskThread "GC Thread#3" [stack: 0x000000096a500000,0x000000096a600000] [id=18768]
  0x000001561bcef800 GCTaskThread "GC Thread#4" [stack: 0x000000096a600000,0x000000096a700000] [id=24516]
  0x000001561bf8b000 GCTaskThread "GC Thread#5" [stack: 0x000000096b200000,0x000000096b300000] [id=34736]
  0x000001561d189000 GCTaskThread "GC Thread#6" [stack: 0x000000096b300000,0x000000096b400000] [id=33416]
  0x000001561d1e9800 GCTaskThread "GC Thread#7" [stack: 0x000000096b400000,0x000000096b500000] [id=11500]
  0x000001561cc7f800 GCTaskThread "GC Thread#8" [stack: 0x000000096b500000,0x000000096b600000] [id=22880]
  0x000001561c0fa800 GCTaskThread "GC Thread#9" [stack: 0x000000096b600000,0x000000096b700000] [id=2492]
  0x000001561cdda000 GCTaskThread "GC Thread#10" [stack: 0x000000096b700000,0x000000096b800000] [id=25180]
  0x000001561cdda800 GCTaskThread "GC Thread#11" [stack: 0x000000096b800000,0x000000096b900000] [id=7532]
  0x000001561c5ee800 GCTaskThread "GC Thread#12" [stack: 0x000000096b900000,0x000000096ba00000] [id=16964]
  0x0000015673cea800 ConcurrentGCThread "G1 Main Marker" [stack: 0x0000000969000000,0x0000000969100000] [id=25092]
  0x0000015673cec800 ConcurrentGCThread "G1 Conc#0" [stack: 0x0000000969100000,0x0000000969200000] [id=20508]
  0x000001561c677800 ConcurrentGCThread "G1 Conc#1" [stack: 0x000000096ba00000,0x000000096bb00000] [id=16660]
  0x000001561bfb4000 ConcurrentGCThread "G1 Conc#2" [stack: 0x000000096bb00000,0x000000096bc00000] [id=26968]
  0x000001561a470800 ConcurrentGCThread "G1 Refine#0" [stack: 0x0000000969200000,0x0000000969300000] [id=18564]
  0x000001561a473800 ConcurrentGCThread "G1 Young RemSet Sampling" [stack: 0x0000000969300000,0x0000000969400000] [id=8856]

Threads with active compile tasks:
C2 CompilerThread0 305949 11429       4       org.objectweb.asm.AnnotationWriter::visit (935 bytes)
C1 CompilerThread0 305949 11596       3       org.objectweb.asm.ClassReader::accept (1412 bytes)
C2 CompilerThread1 305949 11419       4       org.objectweb.asm.ClassReader::readMethod (1066 bytes)
C2 CompilerThread2 305949 11588       4       org.objectweb.asm.ClassWriter::toByteArray (1535 bytes)
C2 CompilerThread3 305950 11190 %     4       org.objectweb.asm.ClassReader::readCode @ 2186 (5109 bytes)
C2 CompilerThread4 305950 11514       4       org.objectweb.asm.ClassReader::readField (671 bytes)
C2 CompilerThread5 305950 11162       4       org.objectweb.asm.MethodVisitor::visitMethodInsn (80 bytes)
C2 CompilerThread6 305950 11474       4       org.objectweb.asm.SymbolTable::addConstantNameAndType (137 bytes)
C2 CompilerThread7 305950 11589       4       org.objectweb.asm.SymbolTable::addConstantMemberReference (147 bytes)

VM state:synchronizing (normal execution)

VM Mutex/Monitor currently owned by a thread:  ([mutex/lock_event])
[0x0000015673c6d020] Safepoint_lock - owner thread: 0x000001561a585800
[0x0000015673c6d800] Threads_lock - owner thread: 0x000001561a585800
[0x0000015673c6cf00] Heap_lock - owner thread: 0x00000156222e2800

Heap address: 0x0000000700000000, size: 4096 MB, Compressed Oops mode: Zero based, Oop shift amount: 3
Narrow klass base: 0x0000000800000000, Narrow klass shift: 0
Compressed class space size: 1073741824 Address: 0x0000000800000000

Heap:
 garbage-first heap   total 251904K, used 192566K [0x0000000700000000, 0x0000000800000000)
  region size 1024K, 147 young (150528K), 11 survivors (11264K)
 Metaspace       used 68648K, capacity 70328K, committed 70488K, reserved 1110016K
  class space    used 8401K, capacity 9015K, committed 9088K, reserved 1048576K
Heap Regions: E=young(eden), S=young(survivor), O=old, HS=humongous(starts), HC=humongous(continues), CS=collection set, F=free, A=archive, TAMS=top-at-mark-start (previous, next)
|   0|0x0000000700000000, 0x0000000700100000, 0x0000000700100000|100%| O|  |TAMS 0x0000000700100000, 0x0000000700000000| Untracked 
|   1|0x0000000700100000, 0x0000000700200000, 0x0000000700200000|100%| O|  |TAMS 0x0000000700200000, 0x0000000700100000| Untracked 
|   2|0x0000000700200000, 0x0000000700300000, 0x0000000700300000|100%| O|  |TAMS 0x0000000700300000, 0x0000000700200000| Untracked 
|   3|0x0000000700300000, 0x0000000700400000, 0x0000000700400000|100%|HS|  |TAMS 0x0000000700400000, 0x0000000700300000| Complete 
|   4|0x0000000700400000, 0x0000000700500000, 0x0000000700500000|100%|HC|  |TAMS 0x0000000700500000, 0x0000000700400000| Complete 
|   5|0x0000000700500000, 0x0000000700600000, 0x0000000700600000|100%|HC|  |TAMS 0x0000000700600000, 0x0000000700500000| Complete 
|   6|0x0000000700600000, 0x0000000700700000, 0x0000000700700000|100%| O|  |TAMS 0x0000000700700000, 0x0000000700600000| Untracked 
|   7|0x0000000700700000, 0x0000000700800000, 0x0000000700800000|100%| O|  |TAMS 0x0000000700800000, 0x0000000700700000| Untracked 
|   8|0x0000000700800000, 0x0000000700900000, 0x0000000700900000|100%| O|  |TAMS 0x0000000700900000, 0x0000000700800000| Untracked 
|   9|0x0000000700900000, 0x0000000700a00000, 0x0000000700a00000|100%| O|  |TAMS 0x0000000700a00000, 0x0000000700900000| Untracked 
|  10|0x0000000700a00000, 0x0000000700b00000, 0x0000000700b00000|100%| O|  |TAMS 0x0000000700b00000, 0x0000000700a00000| Untracked 
|  11|0x0000000700b00000, 0x0000000700c00000, 0x0000000700c00000|100%| O|  |TAMS 0x0000000700c00000, 0x0000000700b00000| Untracked 
|  12|0x0000000700c00000, 0x0000000700d00000, 0x0000000700d00000|100%| O|  |TAMS 0x0000000700d00000, 0x0000000700c00000| Untracked 
|  13|0x0000000700d00000, 0x0000000700e00000, 0x0000000700e00000|100%| O|  |TAMS 0x0000000700e00000, 0x0000000700d00000| Untracked 
|  14|0x0000000700e00000, 0x0000000700f00000, 0x0000000700f00000|100%| O|  |TAMS 0x0000000700f00000, 0x0000000700e00000| Untracked 
|  15|0x0000000700f00000, 0x0000000701000000, 0x0000000701000000|100%| O|  |TAMS 0x0000000701000000, 0x0000000700f00000| Untracked 
|  16|0x0000000701000000, 0x0000000701100000, 0x0000000701100000|100%| O|  |TAMS 0x0000000701100000, 0x0000000701000000| Untracked 
|  17|0x0000000701100000, 0x0000000701200000, 0x0000000701200000|100%| O|  |TAMS 0x0000000701100000, 0x0000000701100000| Untracked 
|  18|0x0000000701200000, 0x0000000701300000, 0x0000000701300000|100%| O|  |TAMS 0x0000000701200000, 0x0000000701200000| Untracked 
|  19|0x0000000701300000, 0x0000000701400000, 0x0000000701400000|100%| O|  |TAMS 0x0000000701300000, 0x0000000701300000| Untracked 
|  20|0x0000000701400000, 0x0000000701500000, 0x0000000701500000|100%| O|  |TAMS 0x0000000701500000, 0x0000000701400000| Untracked 
|  21|0x0000000701500000, 0x0000000701600000, 0x0000000701600000|100%| O|  |TAMS 0x0000000701600000, 0x0000000701500000| Untracked 
|  22|0x0000000701600000, 0x0000000701700000, 0x0000000701700000|100%| O|  |TAMS 0x0000000701700000, 0x0000000701600000| Untracked 
|  23|0x0000000701700000, 0x0000000701800000, 0x0000000701800000|100%| O|  |TAMS 0x0000000701800000, 0x0000000701700000| Untracked 
|  24|0x0000000701800000, 0x0000000701900000, 0x0000000701900000|100%| O|  |TAMS 0x0000000701856000, 0x0000000701800000| Untracked 
|  25|0x0000000701900000, 0x0000000701a00000, 0x0000000701a00000|100%| O|  |TAMS 0x0000000701900000, 0x0000000701900000| Untracked 
|  26|0x0000000701a00000, 0x0000000701b00000, 0x0000000701b00000|100%| O|  |TAMS 0x0000000701a00000, 0x0000000701a00000| Untracked 
|  27|0x0000000701b00000, 0x0000000701c00000, 0x0000000701c00000|100%| O|  |TAMS 0x0000000701b00000, 0x0000000701b00000| Untracked 
|  28|0x0000000701c00000, 0x0000000701d00000, 0x0000000701d00000|100%| O|  |TAMS 0x0000000701c00000, 0x0000000701c00000| Untracked 
|  29|0x0000000701d00000, 0x0000000701e00000, 0x0000000701e00000|100%| O|  |TAMS 0x0000000701d00000, 0x0000000701d00000| Untracked 
|  30|0x0000000701e00000, 0x0000000701f00000, 0x0000000701f00000|100%| O|  |TAMS 0x0000000701e00000, 0x0000000701e00000| Untracked 
|  31|0x0000000701f00000, 0x0000000702000000, 0x0000000702000000|100%| O|  |TAMS 0x0000000701f00000, 0x0000000701f00000| Untracked 
|  32|0x0000000702000000, 0x0000000702100000, 0x0000000702100000|100%| O|  |TAMS 0x0000000702000000, 0x0000000702000000| Untracked 
|  33|0x0000000702100000, 0x0000000702200000, 0x0000000702200000|100%| O|  |TAMS 0x0000000702100000, 0x0000000702100000| Untracked 
|  34|0x0000000702200000, 0x0000000702300000, 0x0000000702300000|100%| O|  |TAMS 0x0000000702200000, 0x0000000702200000| Untracked 
|  35|0x0000000702300000, 0x0000000702400000, 0x0000000702400000|100%| O|  |TAMS 0x0000000702300000, 0x0000000702300000| Untracked 
|  36|0x0000000702400000, 0x0000000702500000, 0x0000000702500000|100%| O|  |TAMS 0x0000000702400000, 0x0000000702400000| Untracked 
|  37|0x0000000702500000, 0x0000000702600000, 0x0000000702600000|100%|HS|  |TAMS 0x0000000702500000, 0x0000000702500000| Complete 
|  38|0x0000000702600000, 0x0000000702700000, 0x0000000702700000|100%| O|  |TAMS 0x0000000702600000, 0x0000000702600000| Untracked 
|  39|0x0000000702700000, 0x0000000702800000, 0x0000000702800000|100%|HS|  |TAMS 0x0000000702700000, 0x0000000702700000| Complete 
|  40|0x0000000702800000, 0x0000000702900000, 0x0000000702900000|100%| O|  |TAMS 0x0000000702800000, 0x0000000702800000| Untracked 
|  41|0x0000000702900000, 0x0000000702a00000, 0x0000000702a00000|100%| O|  |TAMS 0x0000000702900000, 0x0000000702900000| Untracked 
|  42|0x0000000702a00000, 0x0000000702a61000, 0x0000000702b00000| 37%| O|  |TAMS 0x0000000702a00000, 0x0000000702a00000| Untracked 
|  43|0x0000000702b00000, 0x0000000702b00000, 0x0000000702c00000|  0%| F|  |TAMS 0x0000000702b00000, 0x0000000702b00000| Untracked 
|  44|0x0000000702c00000, 0x0000000702c00000, 0x0000000702d00000|  0%| F|  |TAMS 0x0000000702c00000, 0x0000000702c00000| Untracked 
|  45|0x0000000702d00000, 0x0000000702d00000, 0x0000000702e00000|  0%| F|  |TAMS 0x0000000702d00000, 0x0000000702d00000| Untracked 
|  46|0x0000000702e00000, 0x0000000702e00000, 0x0000000702f00000|  0%| F|  |TAMS 0x0000000702e00000, 0x0000000702e00000| Untracked 
|  47|0x0000000702f00000, 0x0000000702f00000, 0x0000000703000000|  0%| F|  |TAMS 0x0000000702f00000, 0x0000000702f00000| Untracked 
|  48|0x0000000703000000, 0x0000000703000000, 0x0000000703100000|  0%| F|  |TAMS 0x0000000703000000, 0x0000000703000000| Untracked 
|  49|0x0000000703100000, 0x0000000703100000, 0x0000000703200000|  0%| F|  |TAMS 0x0000000703100000, 0x0000000703100000| Untracked 
|  50|0x0000000703200000, 0x0000000703200000, 0x0000000703300000|  0%| F|  |TAMS 0x0000000703200000, 0x0000000703200000| Untracked 
|  51|0x0000000703300000, 0x0000000703300000, 0x0000000703400000|  0%| F|  |TAMS 0x0000000703300000, 0x0000000703300000| Untracked 
|  52|0x0000000703400000, 0x0000000703400000, 0x0000000703500000|  0%| F|  |TAMS 0x0000000703400000, 0x0000000703400000| Untracked 
|  53|0x0000000703500000, 0x0000000703500000, 0x0000000703600000|  0%| F|  |TAMS 0x0000000703500000, 0x0000000703500000| Untracked 
|  54|0x0000000703600000, 0x0000000703600000, 0x0000000703700000|  0%| F|  |TAMS 0x0000000703600000, 0x0000000703600000| Untracked 
|  55|0x0000000703700000, 0x0000000703700000, 0x0000000703800000|  0%| F|  |TAMS 0x0000000703700000, 0x0000000703700000| Untracked 
|  56|0x0000000703800000, 0x0000000703800000, 0x0000000703900000|  0%| F|  |TAMS 0x0000000703800000, 0x0000000703800000| Untracked 
|  57|0x0000000703900000, 0x0000000703900000, 0x0000000703a00000|  0%| F|  |TAMS 0x0000000703900000, 0x0000000703900000| Untracked 
|  58|0x0000000703a00000, 0x0000000703a00000, 0x0000000703b00000|  0%| F|  |TAMS 0x0000000703a00000, 0x0000000703a00000| Untracked 
|  59|0x0000000703b00000, 0x0000000703b00000, 0x0000000703c00000|  0%| F|  |TAMS 0x0000000703b00000, 0x0000000703b00000| Untracked 
|  60|0x0000000703c00000, 0x0000000703c00000, 0x0000000703d00000|  0%| F|  |TAMS 0x0000000703c00000, 0x0000000703c00000| Untracked 
|  61|0x0000000703d00000, 0x0000000703d00000, 0x0000000703e00000|  0%| F|  |TAMS 0x0000000703d00000, 0x0000000703d00000| Untracked 
|  62|0x0000000703e00000, 0x0000000703e00000, 0x0000000703f00000|  0%| F|  |TAMS 0x0000000703e00000, 0x0000000703e00000| Untracked 
|  63|0x0000000703f00000, 0x0000000703f00000, 0x0000000704000000|  0%| F|  |TAMS 0x0000000703f00000, 0x0000000703f00000| Untracked 
|  64|0x0000000704000000, 0x0000000704000000, 0x0000000704100000|  0%| F|  |TAMS 0x0000000704000000, 0x0000000704000000| Untracked 
|  65|0x0000000704100000, 0x0000000704100000, 0x0000000704200000|  0%| F|  |TAMS 0x0000000704100000, 0x0000000704100000| Untracked 
|  66|0x0000000704200000, 0x0000000704200000, 0x0000000704300000|  0%| F|  |TAMS 0x0000000704200000, 0x0000000704200000| Untracked 
|  67|0x0000000704300000, 0x0000000704300000, 0x0000000704400000|  0%| F|  |TAMS 0x0000000704300000, 0x0000000704300000| Untracked 
|  68|0x0000000704400000, 0x0000000704400000, 0x0000000704500000|  0%| F|  |TAMS 0x0000000704400000, 0x0000000704400000| Untracked 
|  69|0x0000000704500000, 0x0000000704500000, 0x0000000704600000|  0%| F|  |TAMS 0x0000000704500000, 0x0000000704500000| Untracked 
|  70|0x0000000704600000, 0x0000000704600000, 0x0000000704700000|  0%| F|  |TAMS 0x0000000704600000, 0x0000000704600000| Untracked 
|  71|0x0000000704700000, 0x0000000704700000, 0x0000000704800000|  0%| F|  |TAMS 0x0000000704700000, 0x0000000704700000| Untracked 
|  72|0x0000000704800000, 0x0000000704800000, 0x0000000704900000|  0%| F|  |TAMS 0x0000000704800000, 0x0000000704800000| Untracked 
|  73|0x0000000704900000, 0x0000000704900000, 0x0000000704a00000|  0%| F|  |TAMS 0x0000000704900000, 0x0000000704900000| Untracked 
|  74|0x0000000704a00000, 0x0000000704a00000, 0x0000000704b00000|  0%| F|  |TAMS 0x0000000704a00000, 0x0000000704a00000| Untracked 
|  75|0x0000000704b00000, 0x0000000704b00000, 0x0000000704c00000|  0%| F|  |TAMS 0x0000000704b00000, 0x0000000704b00000| Untracked 
|  76|0x0000000704c00000, 0x0000000704c00000, 0x0000000704d00000|  0%| F|  |TAMS 0x0000000704c00000, 0x0000000704c00000| Untracked 
|  77|0x0000000704d00000, 0x0000000704d00000, 0x0000000704e00000|  0%| F|  |TAMS 0x0000000704d00000, 0x0000000704d00000| Untracked 
|  78|0x0000000704e00000, 0x0000000704e00000, 0x0000000704f00000|  0%| F|  |TAMS 0x0000000704e00000, 0x0000000704e00000| Untracked 
|  79|0x0000000704f00000, 0x0000000704f00000, 0x0000000705000000|  0%| F|  |TAMS 0x0000000704f00000, 0x0000000704f00000| Untracked 
|  80|0x0000000705000000, 0x0000000705000000, 0x0000000705100000|  0%| F|  |TAMS 0x0000000705000000, 0x0000000705000000| Untracked 
|  81|0x0000000705100000, 0x0000000705100000, 0x0000000705200000|  0%| F|  |TAMS 0x0000000705100000, 0x0000000705100000| Untracked 
|  82|0x0000000705200000, 0x0000000705200000, 0x0000000705300000|  0%| F|  |TAMS 0x0000000705200000, 0x0000000705200000| Untracked 
|  83|0x0000000705300000, 0x0000000705300000, 0x0000000705400000|  0%| F|  |TAMS 0x0000000705300000, 0x0000000705300000| Untracked 
|  84|0x0000000705400000, 0x0000000705400000, 0x0000000705500000|  0%| F|  |TAMS 0x0000000705400000, 0x0000000705400000| Untracked 
|  85|0x0000000705500000, 0x0000000705500000, 0x0000000705600000|  0%| F|  |TAMS 0x0000000705500000, 0x0000000705500000| Untracked 
|  86|0x0000000705600000, 0x0000000705600000, 0x0000000705700000|  0%| F|  |TAMS 0x0000000705600000, 0x0000000705600000| Untracked 
|  87|0x0000000705700000, 0x0000000705700000, 0x0000000705800000|  0%| F|  |TAMS 0x0000000705700000, 0x0000000705700000| Untracked 
|  88|0x0000000705800000, 0x00000007058acbc0, 0x0000000705900000| 67%| S|CS|TAMS 0x0000000705800000, 0x0000000705800000| Complete 
|  89|0x0000000705900000, 0x0000000705a00000, 0x0000000705a00000|100%| S|CS|TAMS 0x0000000705900000, 0x0000000705900000| Complete 
|  90|0x0000000705a00000, 0x0000000705b00000, 0x0000000705b00000|100%| S|CS|TAMS 0x0000000705a00000, 0x0000000705a00000| Complete 
|  91|0x0000000705b00000, 0x0000000705c00000, 0x0000000705c00000|100%| S|CS|TAMS 0x0000000705b00000, 0x0000000705b00000| Complete 
|  92|0x0000000705c00000, 0x0000000705d00000, 0x0000000705d00000|100%| S|CS|TAMS 0x0000000705c00000, 0x0000000705c00000| Complete 
|  93|0x0000000705d00000, 0x0000000705d00000, 0x0000000705e00000|  0%| F|  |TAMS 0x0000000705d00000, 0x0000000705d00000| Untracked 
|  94|0x0000000705e00000, 0x0000000705e00000, 0x0000000705f00000|  0%| F|  |TAMS 0x0000000705e00000, 0x0000000705e00000| Untracked 
|  95|0x0000000705f00000, 0x0000000705f00000, 0x0000000706000000|  0%| F|  |TAMS 0x0000000705f00000, 0x0000000705f00000| Untracked 
|  96|0x0000000706000000, 0x0000000706000000, 0x0000000706100000|  0%| F|  |TAMS 0x0000000706000000, 0x0000000706000000| Untracked 
|  97|0x0000000706100000, 0x0000000706100000, 0x0000000706200000|  0%| F|  |TAMS 0x0000000706100000, 0x0000000706100000| Untracked 
|  98|0x0000000706200000, 0x0000000706200000, 0x0000000706300000|  0%| F|  |TAMS 0x0000000706200000, 0x0000000706200000| Untracked 
|  99|0x0000000706300000, 0x0000000706400000, 0x0000000706400000|100%| S|CS|TAMS 0x0000000706300000, 0x0000000706300000| Complete 
| 100|0x0000000706400000, 0x0000000706500000, 0x0000000706500000|100%| S|CS|TAMS 0x0000000706400000, 0x0000000706400000| Complete 
| 101|0x0000000706500000, 0x0000000706600000, 0x0000000706600000|100%| S|CS|TAMS 0x0000000706500000, 0x0000000706500000| Complete 
| 102|0x0000000706600000, 0x0000000706700000, 0x0000000706700000|100%| S|CS|TAMS 0x0000000706600000, 0x0000000706600000| Complete 
| 103|0x0000000706700000, 0x0000000706800000, 0x0000000706800000|100%| S|CS|TAMS 0x0000000706700000, 0x0000000706700000| Complete 
| 104|0x0000000706800000, 0x0000000706800000, 0x0000000706900000|  0%| F|  |TAMS 0x0000000706800000, 0x0000000706800000| Untracked 
| 105|0x0000000706900000, 0x0000000706900000, 0x0000000706a00000|  0%| F|  |TAMS 0x0000000706900000, 0x0000000706900000| Untracked 
| 106|0x0000000706a00000, 0x0000000706b00000, 0x0000000706b00000|100%| S|CS|TAMS 0x0000000706a00000, 0x0000000706a00000| Complete 
| 107|0x0000000706b00000, 0x0000000706b00000, 0x0000000706c00000|  0%| F|  |TAMS 0x0000000706b00000, 0x0000000706b00000| Untracked 
| 108|0x0000000706c00000, 0x0000000706c00000, 0x0000000706d00000|  0%| F|  |TAMS 0x0000000706c00000, 0x0000000706c00000| Untracked 
| 109|0x0000000706d00000, 0x0000000706d00000, 0x0000000706e00000|  0%| F|  |TAMS 0x0000000706d00000, 0x0000000706d00000| Untracked 
| 110|0x0000000706e00000, 0x0000000706f00000, 0x0000000706f00000|100%| E|CS|TAMS 0x0000000706e00000, 0x0000000706e00000| Complete 
| 111|0x0000000706f00000, 0x0000000707000000, 0x0000000707000000|100%| E|CS|TAMS 0x0000000706f00000, 0x0000000706f00000| Complete 
| 112|0x0000000707000000, 0x0000000707100000, 0x0000000707100000|100%| E|CS|TAMS 0x0000000707000000, 0x0000000707000000| Complete 
| 113|0x0000000707100000, 0x0000000707200000, 0x0000000707200000|100%| E|CS|TAMS 0x0000000707100000, 0x0000000707100000| Complete 
| 114|0x0000000707200000, 0x0000000707300000, 0x0000000707300000|100%| E|CS|TAMS 0x0000000707200000, 0x0000000707200000| Complete 
| 115|0x0000000707300000, 0x0000000707400000, 0x0000000707400000|100%| E|CS|TAMS 0x0000000707300000, 0x0000000707300000| Complete 
| 116|0x0000000707400000, 0x0000000707500000, 0x0000000707500000|100%| E|CS|TAMS 0x0000000707400000, 0x0000000707400000| Complete 
| 117|0x0000000707500000, 0x0000000707600000, 0x0000000707600000|100%| E|CS|TAMS 0x0000000707500000, 0x0000000707500000| Complete 
| 118|0x0000000707600000, 0x0000000707700000, 0x0000000707700000|100%| E|CS|TAMS 0x0000000707600000, 0x0000000707600000| Complete 
| 119|0x0000000707700000, 0x0000000707800000, 0x0000000707800000|100%| E|CS|TAMS 0x0000000707700000, 0x0000000707700000| Complete 
| 120|0x0000000707800000, 0x0000000707900000, 0x0000000707900000|100%| E|CS|TAMS 0x0000000707800000, 0x0000000707800000| Complete 
| 121|0x0000000707900000, 0x0000000707a00000, 0x0000000707a00000|100%| E|  |TAMS 0x0000000707900000, 0x0000000707900000| Complete 
| 122|0x0000000707a00000, 0x0000000707b00000, 0x0000000707b00000|100%| E|CS|TAMS 0x0000000707a00000, 0x0000000707a00000| Complete 
| 123|0x0000000707b00000, 0x0000000707c00000, 0x0000000707c00000|100%| E|CS|TAMS 0x0000000707b00000, 0x0000000707b00000| Complete 
| 124|0x0000000707c00000, 0x0000000707d00000, 0x0000000707d00000|100%| E|CS|TAMS 0x0000000707c00000, 0x0000000707c00000| Complete 
| 125|0x0000000707d00000, 0x0000000707e00000, 0x0000000707e00000|100%| E|CS|TAMS 0x0000000707d00000, 0x0000000707d00000| Complete 
| 126|0x0000000707e00000, 0x0000000707f00000, 0x0000000707f00000|100%| E|CS|TAMS 0x0000000707e00000, 0x0000000707e00000| Complete 
| 127|0x0000000707f00000, 0x0000000708000000, 0x0000000708000000|100%| E|CS|TAMS 0x0000000707f00000, 0x0000000707f00000| Complete 
| 128|0x0000000708000000, 0x0000000708100000, 0x0000000708100000|100%| E|CS|TAMS 0x0000000708000000, 0x0000000708000000| Complete 
| 129|0x0000000708100000, 0x0000000708200000, 0x0000000708200000|100%| E|CS|TAMS 0x0000000708100000, 0x0000000708100000| Complete 
| 130|0x0000000708200000, 0x0000000708300000, 0x0000000708300000|100%| E|CS|TAMS 0x0000000708200000, 0x0000000708200000| Complete 
| 131|0x0000000708300000, 0x0000000708400000, 0x0000000708400000|100%| E|CS|TAMS 0x0000000708300000, 0x0000000708300000| Complete 
| 132|0x0000000708400000, 0x0000000708500000, 0x0000000708500000|100%| E|CS|TAMS 0x0000000708400000, 0x0000000708400000| Complete 
| 133|0x0000000708500000, 0x0000000708600000, 0x0000000708600000|100%| E|CS|TAMS 0x0000000708500000, 0x0000000708500000| Complete 
| 134|0x0000000708600000, 0x0000000708700000, 0x0000000708700000|100%| E|CS|TAMS 0x0000000708600000, 0x0000000708600000| Complete 
| 135|0x0000000708700000, 0x0000000708800000, 0x0000000708800000|100%| E|CS|TAMS 0x0000000708700000, 0x0000000708700000| Complete 
| 136|0x0000000708800000, 0x0000000708900000, 0x0000000708900000|100%| E|CS|TAMS 0x0000000708800000, 0x0000000708800000| Complete 
| 137|0x0000000708900000, 0x0000000708a00000, 0x0000000708a00000|100%| E|CS|TAMS 0x0000000708900000, 0x0000000708900000| Complete 
| 138|0x0000000708a00000, 0x0000000708b00000, 0x0000000708b00000|100%| E|CS|TAMS 0x0000000708a00000, 0x0000000708a00000| Complete 
| 139|0x0000000708b00000, 0x0000000708c00000, 0x0000000708c00000|100%| E|CS|TAMS 0x0000000708b00000, 0x0000000708b00000| Complete 
| 140|0x0000000708c00000, 0x0000000708d00000, 0x0000000708d00000|100%| E|CS|TAMS 0x0000000708c00000, 0x0000000708c00000| Complete 
| 141|0x0000000708d00000, 0x0000000708e00000, 0x0000000708e00000|100%| E|CS|TAMS 0x0000000708d00000, 0x0000000708d00000| Complete 
| 142|0x0000000708e00000, 0x0000000708f00000, 0x0000000708f00000|100%| E|CS|TAMS 0x0000000708e00000, 0x0000000708e00000| Complete 
| 143|0x0000000708f00000, 0x0000000709000000, 0x0000000709000000|100%| E|CS|TAMS 0x0000000708f00000, 0x0000000708f00000| Complete 
| 144|0x0000000709000000, 0x0000000709100000, 0x0000000709100000|100%| E|CS|TAMS 0x0000000709000000, 0x0000000709000000| Complete 
| 145|0x0000000709100000, 0x0000000709200000, 0x0000000709200000|100%| E|CS|TAMS 0x0000000709100000, 0x0000000709100000| Complete 
| 146|0x0000000709200000, 0x0000000709300000, 0x0000000709300000|100%| E|CS|TAMS 0x0000000709200000, 0x0000000709200000| Complete 
| 147|0x0000000709300000, 0x0000000709400000, 0x0000000709400000|100%| E|CS|TAMS 0x0000000709300000, 0x0000000709300000| Complete 
| 148|0x0000000709400000, 0x0000000709500000, 0x0000000709500000|100%| E|CS|TAMS 0x0000000709400000, 0x0000000709400000| Complete 
| 149|0x0000000709500000, 0x0000000709600000, 0x0000000709600000|100%| E|CS|TAMS 0x0000000709500000, 0x0000000709500000| Complete 
| 150|0x0000000709600000, 0x0000000709700000, 0x0000000709700000|100%| E|CS|TAMS 0x0000000709600000, 0x0000000709600000| Complete 
| 151|0x0000000709700000, 0x0000000709800000, 0x0000000709800000|100%| E|CS|TAMS 0x0000000709700000, 0x0000000709700000| Complete 
| 152|0x0000000709800000, 0x0000000709900000, 0x0000000709900000|100%| E|CS|TAMS 0x0000000709800000, 0x0000000709800000| Complete 
| 153|0x0000000709900000, 0x0000000709a00000, 0x0000000709a00000|100%| E|CS|TAMS 0x0000000709900000, 0x0000000709900000| Complete 
| 154|0x0000000709a00000, 0x0000000709b00000, 0x0000000709b00000|100%| E|CS|TAMS 0x0000000709a00000, 0x0000000709a00000| Complete 
| 155|0x0000000709b00000, 0x0000000709c00000, 0x0000000709c00000|100%| E|CS|TAMS 0x0000000709b00000, 0x0000000709b00000| Complete 
| 156|0x0000000709c00000, 0x0000000709d00000, 0x0000000709d00000|100%| E|CS|TAMS 0x0000000709c00000, 0x0000000709c00000| Complete 
| 157|0x0000000709d00000, 0x0000000709e00000, 0x0000000709e00000|100%| E|CS|TAMS 0x0000000709d00000, 0x0000000709d00000| Complete 
| 158|0x0000000709e00000, 0x0000000709f00000, 0x0000000709f00000|100%| E|CS|TAMS 0x0000000709e00000, 0x0000000709e00000| Complete 
| 159|0x0000000709f00000, 0x000000070a000000, 0x000000070a000000|100%| E|CS|TAMS 0x0000000709f00000, 0x0000000709f00000| Complete 
| 160|0x000000070a000000, 0x000000070a100000, 0x000000070a100000|100%| E|CS|TAMS 0x000000070a000000, 0x000000070a000000| Complete 
| 161|0x000000070a100000, 0x000000070a200000, 0x000000070a200000|100%| E|CS|TAMS 0x000000070a100000, 0x000000070a100000| Complete 
| 162|0x000000070a200000, 0x000000070a300000, 0x000000070a300000|100%| E|CS|TAMS 0x000000070a200000, 0x000000070a200000| Complete 
| 163|0x000000070a300000, 0x000000070a400000, 0x000000070a400000|100%| E|CS|TAMS 0x000000070a300000, 0x000000070a300000| Complete 
| 164|0x000000070a400000, 0x000000070a500000, 0x000000070a500000|100%| E|CS|TAMS 0x000000070a400000, 0x000000070a400000| Complete 
| 165|0x000000070a500000, 0x000000070a600000, 0x000000070a600000|100%| E|CS|TAMS 0x000000070a500000, 0x000000070a500000| Complete 
| 166|0x000000070a600000, 0x000000070a700000, 0x000000070a700000|100%| E|CS|TAMS 0x000000070a600000, 0x000000070a600000| Complete 
| 167|0x000000070a700000, 0x000000070a800000, 0x000000070a800000|100%| E|CS|TAMS 0x000000070a700000, 0x000000070a700000| Complete 
| 168|0x000000070a800000, 0x000000070a900000, 0x000000070a900000|100%| E|CS|TAMS 0x000000070a800000, 0x000000070a800000| Complete 
| 169|0x000000070a900000, 0x000000070aa00000, 0x000000070aa00000|100%| E|CS|TAMS 0x000000070a900000, 0x000000070a900000| Complete 
| 170|0x000000070aa00000, 0x000000070ab00000, 0x000000070ab00000|100%| E|CS|TAMS 0x000000070aa00000, 0x000000070aa00000| Complete 
| 171|0x000000070ab00000, 0x000000070ac00000, 0x000000070ac00000|100%| E|CS|TAMS 0x000000070ab00000, 0x000000070ab00000| Complete 
| 172|0x000000070ac00000, 0x000000070ad00000, 0x000000070ad00000|100%| E|CS|TAMS 0x000000070ac00000, 0x000000070ac00000| Complete 
| 173|0x000000070ad00000, 0x000000070ae00000, 0x000000070ae00000|100%| E|CS|TAMS 0x000000070ad00000, 0x000000070ad00000| Complete 
| 174|0x000000070ae00000, 0x000000070af00000, 0x000000070af00000|100%| E|CS|TAMS 0x000000070ae00000, 0x000000070ae00000| Complete 
| 175|0x000000070af00000, 0x000000070b000000, 0x000000070b000000|100%| E|CS|TAMS 0x000000070af00000, 0x000000070af00000| Complete 
| 176|0x000000070b000000, 0x000000070b100000, 0x000000070b100000|100%| E|CS|TAMS 0x000000070b000000, 0x000000070b000000| Complete 
| 177|0x000000070b100000, 0x000000070b200000, 0x000000070b200000|100%| E|CS|TAMS 0x000000070b100000, 0x000000070b100000| Complete 
| 178|0x000000070b200000, 0x000000070b300000, 0x000000070b300000|100%| E|CS|TAMS 0x000000070b200000, 0x000000070b200000| Complete 
| 179|0x000000070b300000, 0x000000070b400000, 0x000000070b400000|100%| E|CS|TAMS 0x000000070b300000, 0x000000070b300000| Complete 
| 180|0x000000070b400000, 0x000000070b500000, 0x000000070b500000|100%| E|CS|TAMS 0x000000070b400000, 0x000000070b400000| Complete 
| 181|0x000000070b500000, 0x000000070b600000, 0x000000070b600000|100%| E|CS|TAMS 0x000000070b500000, 0x000000070b500000| Complete 
| 182|0x000000070b600000, 0x000000070b700000, 0x000000070b700000|100%| E|CS|TAMS 0x000000070b600000, 0x000000070b600000| Complete 
| 183|0x000000070b700000, 0x000000070b800000, 0x000000070b800000|100%| E|CS|TAMS 0x000000070b700000, 0x000000070b700000| Complete 
| 184|0x000000070b800000, 0x000000070b900000, 0x000000070b900000|100%| E|CS|TAMS 0x000000070b800000, 0x000000070b800000| Complete 
| 185|0x000000070b900000, 0x000000070ba00000, 0x000000070ba00000|100%| E|CS|TAMS 0x000000070b900000, 0x000000070b900000| Complete 
| 186|0x000000070ba00000, 0x000000070bb00000, 0x000000070bb00000|100%| E|CS|TAMS 0x000000070ba00000, 0x000000070ba00000| Complete 
| 187|0x000000070bb00000, 0x000000070bc00000, 0x000000070bc00000|100%| E|CS|TAMS 0x000000070bb00000, 0x000000070bb00000| Complete 
| 188|0x000000070bc00000, 0x000000070bd00000, 0x000000070bd00000|100%| E|CS|TAMS 0x000000070bc00000, 0x000000070bc00000| Complete 
| 189|0x000000070bd00000, 0x000000070be00000, 0x000000070be00000|100%| E|CS|TAMS 0x000000070bd00000, 0x000000070bd00000| Complete 
| 190|0x000000070be00000, 0x000000070bf00000, 0x000000070bf00000|100%| E|CS|TAMS 0x000000070be00000, 0x000000070be00000| Complete 
| 191|0x000000070bf00000, 0x000000070c000000, 0x000000070c000000|100%| E|CS|TAMS 0x000000070bf00000, 0x000000070bf00000| Complete 
| 192|0x000000070c000000, 0x000000070c100000, 0x000000070c100000|100%| E|CS|TAMS 0x000000070c000000, 0x000000070c000000| Complete 
| 193|0x000000070c100000, 0x000000070c200000, 0x000000070c200000|100%| E|CS|TAMS 0x000000070c100000, 0x000000070c100000| Complete 
| 194|0x000000070c200000, 0x000000070c300000, 0x000000070c300000|100%| E|CS|TAMS 0x000000070c200000, 0x000000070c200000| Complete 
| 195|0x000000070c300000, 0x000000070c400000, 0x000000070c400000|100%| E|CS|TAMS 0x000000070c300000, 0x000000070c300000| Complete 
| 196|0x000000070c400000, 0x000000070c500000, 0x000000070c500000|100%| E|CS|TAMS 0x000000070c400000, 0x000000070c400000| Complete 
| 197|0x000000070c500000, 0x000000070c600000, 0x000000070c600000|100%| E|CS|TAMS 0x000000070c500000, 0x000000070c500000| Complete 
| 198|0x000000070c600000, 0x000000070c700000, 0x000000070c700000|100%| E|CS|TAMS 0x000000070c600000, 0x000000070c600000| Complete 
| 199|0x000000070c700000, 0x000000070c800000, 0x000000070c800000|100%| E|CS|TAMS 0x000000070c700000, 0x000000070c700000| Complete 
| 200|0x000000070c800000, 0x000000070c900000, 0x000000070c900000|100%| E|CS|TAMS 0x000000070c800000, 0x000000070c800000| Complete 
| 201|0x000000070c900000, 0x000000070ca00000, 0x000000070ca00000|100%| E|CS|TAMS 0x000000070c900000, 0x000000070c900000| Complete 
| 202|0x000000070ca00000, 0x000000070cb00000, 0x000000070cb00000|100%| E|CS|TAMS 0x000000070ca00000, 0x000000070ca00000| Complete 
| 203|0x000000070cb00000, 0x000000070cc00000, 0x000000070cc00000|100%| E|CS|TAMS 0x000000070cb00000, 0x000000070cb00000| Complete 
| 204|0x000000070cc00000, 0x000000070cd00000, 0x000000070cd00000|100%| E|CS|TAMS 0x000000070cc00000, 0x000000070cc00000| Complete 
| 205|0x000000070cd00000, 0x000000070ce00000, 0x000000070ce00000|100%| E|CS|TAMS 0x000000070cd00000, 0x000000070cd00000| Complete 
| 206|0x000000070ce00000, 0x000000070cf00000, 0x000000070cf00000|100%| E|CS|TAMS 0x000000070ce00000, 0x000000070ce00000| Complete 
| 207|0x000000070cf00000, 0x000000070d000000, 0x000000070d000000|100%| E|CS|TAMS 0x000000070cf00000, 0x000000070cf00000| Complete 
| 208|0x000000070d000000, 0x000000070d100000, 0x000000070d100000|100%| E|CS|TAMS 0x000000070d000000, 0x000000070d000000| Complete 
| 209|0x000000070d100000, 0x000000070d200000, 0x000000070d200000|100%| E|CS|TAMS 0x000000070d100000, 0x000000070d100000| Complete 
| 210|0x000000070d200000, 0x000000070d300000, 0x000000070d300000|100%| E|CS|TAMS 0x000000070d200000, 0x000000070d200000| Complete 
| 211|0x000000070d300000, 0x000000070d400000, 0x000000070d400000|100%| E|CS|TAMS 0x000000070d300000, 0x000000070d300000| Complete 
| 212|0x000000070d400000, 0x000000070d500000, 0x000000070d500000|100%| E|CS|TAMS 0x000000070d400000, 0x000000070d400000| Complete 
| 213|0x000000070d500000, 0x000000070d600000, 0x000000070d600000|100%| E|CS|TAMS 0x000000070d500000, 0x000000070d500000| Complete 
| 214|0x000000070d600000, 0x000000070d700000, 0x000000070d700000|100%| E|CS|TAMS 0x000000070d600000, 0x000000070d600000| Complete 
| 215|0x000000070d700000, 0x000000070d800000, 0x000000070d800000|100%| E|CS|TAMS 0x000000070d700000, 0x000000070d700000| Complete 
| 216|0x000000070d800000, 0x000000070d900000, 0x000000070d900000|100%| E|CS|TAMS 0x000000070d800000, 0x000000070d800000| Complete 
| 217|0x000000070d900000, 0x000000070da00000, 0x000000070da00000|100%| E|CS|TAMS 0x000000070d900000, 0x000000070d900000| Complete 
| 218|0x000000070da00000, 0x000000070db00000, 0x000000070db00000|100%| E|CS|TAMS 0x000000070da00000, 0x000000070da00000| Complete 
| 219|0x000000070db00000, 0x000000070dc00000, 0x000000070dc00000|100%| E|CS|TAMS 0x000000070db00000, 0x000000070db00000| Complete 
| 220|0x000000070dc00000, 0x000000070dd00000, 0x000000070dd00000|100%| E|CS|TAMS 0x000000070dc00000, 0x000000070dc00000| Complete 
| 221|0x000000070dd00000, 0x000000070de00000, 0x000000070de00000|100%| E|CS|TAMS 0x000000070dd00000, 0x000000070dd00000| Complete 
| 222|0x000000070de00000, 0x000000070df00000, 0x000000070df00000|100%| E|CS|TAMS 0x000000070de00000, 0x000000070de00000| Complete 
| 223|0x000000070df00000, 0x000000070e000000, 0x000000070e000000|100%| E|CS|TAMS 0x000000070df00000, 0x000000070df00000| Complete 
| 224|0x000000070e000000, 0x000000070e100000, 0x000000070e100000|100%| E|CS|TAMS 0x000000070e000000, 0x000000070e000000| Complete 
| 225|0x000000070e100000, 0x000000070e200000, 0x000000070e200000|100%| E|CS|TAMS 0x000000070e100000, 0x000000070e100000| Complete 
| 226|0x000000070e200000, 0x000000070e300000, 0x000000070e300000|100%| E|CS|TAMS 0x000000070e200000, 0x000000070e200000| Complete 
| 227|0x000000070e300000, 0x000000070e400000, 0x000000070e400000|100%| E|CS|TAMS 0x000000070e300000, 0x000000070e300000| Complete 
| 228|0x000000070e400000, 0x000000070e500000, 0x000000070e500000|100%| E|CS|TAMS 0x000000070e400000, 0x000000070e400000| Complete 
| 229|0x000000070e500000, 0x000000070e600000, 0x000000070e600000|100%| E|CS|TAMS 0x000000070e500000, 0x000000070e500000| Complete 
| 230|0x000000070e600000, 0x000000070e700000, 0x000000070e700000|100%| E|CS|TAMS 0x000000070e600000, 0x000000070e600000| Complete 
| 231|0x000000070e700000, 0x000000070e800000, 0x000000070e800000|100%| E|CS|TAMS 0x000000070e700000, 0x000000070e700000| Complete 
| 232|0x000000070e800000, 0x000000070e900000, 0x000000070e900000|100%| E|CS|TAMS 0x000000070e800000, 0x000000070e800000| Complete 
| 233|0x000000070e900000, 0x000000070ea00000, 0x000000070ea00000|100%| E|CS|TAMS 0x000000070e900000, 0x000000070e900000| Complete 
| 234|0x000000070ea00000, 0x000000070eb00000, 0x000000070eb00000|100%| E|CS|TAMS 0x000000070ea00000, 0x000000070ea00000| Complete 
| 235|0x000000070eb00000, 0x000000070ec00000, 0x000000070ec00000|100%| E|CS|TAMS 0x000000070eb00000, 0x000000070eb00000| Complete 
| 236|0x000000070ec00000, 0x000000070ed00000, 0x000000070ed00000|100%| E|CS|TAMS 0x000000070ec00000, 0x000000070ec00000| Complete 
| 237|0x000000070ed00000, 0x000000070ee00000, 0x000000070ee00000|100%| E|CS|TAMS 0x000000070ed00000, 0x000000070ed00000| Complete 
| 238|0x000000070ee00000, 0x000000070ef00000, 0x000000070ef00000|100%| E|CS|TAMS 0x000000070ee00000, 0x000000070ee00000| Complete 
| 239|0x000000070ef00000, 0x000000070f000000, 0x000000070f000000|100%| E|CS|TAMS 0x000000070ef00000, 0x000000070ef00000| Complete 
| 240|0x000000070f000000, 0x000000070f100000, 0x000000070f100000|100%| E|CS|TAMS 0x000000070f000000, 0x000000070f000000| Complete 
| 241|0x000000070f100000, 0x000000070f200000, 0x000000070f200000|100%| E|CS|TAMS 0x000000070f100000, 0x000000070f100000| Complete 
| 242|0x000000070f200000, 0x000000070f300000, 0x000000070f300000|100%| E|CS|TAMS 0x000000070f200000, 0x000000070f200000| Complete 
| 243|0x000000070f300000, 0x000000070f400000, 0x000000070f400000|100%| E|CS|TAMS 0x000000070f300000, 0x000000070f300000| Complete 
| 244|0x000000070f400000, 0x000000070f500000, 0x000000070f500000|100%| E|CS|TAMS 0x000000070f400000, 0x000000070f400000| Complete 
| 245|0x000000070f500000, 0x000000070f600000, 0x000000070f600000|100%| E|CS|TAMS 0x000000070f500000, 0x000000070f500000| Complete 

Card table byte_map: [0x000001567f390000,0x000001567fb90000] _byte_map_base: 0x000001567bb90000

Marking Bits (Prev, Next): (CMBitMap*) 0x0000015673cd98c0, (CMBitMap*) 0x0000015673cd9888
 Prev Bits: [0x0000015613800000, 0x0000015617800000)
 Next Bits: [0x000001560f800000, 0x0000015613800000)

Polling page: 0x0000015673d50000

Metaspace:

Usage:
  Non-class:     59.88 MB capacity,    58.84 MB ( 98%) used,   867.73 KB (  1%) free+waste,   198.13 KB ( <1%) overhead. 
      Class:      8.80 MB capacity,     8.20 MB ( 93%) used,   522.66 KB (  6%) free+waste,    91.00 KB (  1%) overhead. 
       Both:     68.68 MB capacity,    67.04 MB ( 98%) used,     1.36 MB (  2%) free+waste,   289.13 KB ( <1%) overhead. 

Virtual space:
  Non-class space:       60.00 MB reserved,      59.96 MB (>99%) committed 
      Class space:        1.00 GB reserved,       8.88 MB ( <1%) committed 
             Both:        1.06 GB reserved,      68.84 MB (  6%) committed 

Chunk freelists:
   Non-Class:  23.00 KB
       Class:  9.00 KB
        Both:  32.00 KB

MaxMetaspaceSize: 17179869184.00 GB
CompressedClassSpaceSize: 1.00 GB
Initial GC threshold: 20.80 MB
Current GC threshold: 97.64 MB
CDS: off

CodeHeap 'non-profiled nmethods': size=119168Kb used=8399Kb max_used=8399Kb free=110768Kb
 bounds [0x0000015607ba0000, 0x00000156083e0000, 0x000001560f000000]
CodeHeap 'profiled nmethods': size=119168Kb used=27320Kb max_used=27320Kb free=91847Kb
 bounds [0x0000015600740000, 0x00000156021f0000, 0x0000015607ba0000]
CodeHeap 'non-nmethods': size=7424Kb used=4110Kb max_used=4135Kb free=3313Kb
 bounds [0x0000015600000000, 0x0000015600420000, 0x0000015600740000]
 total_blobs=12356 nmethods=11472 adapters=791
 compilation: enabled
              stopped_count=0, restarted_count=0
 full_count=0

Compilation events (20 events):
Event: 305.742 Thread 0x000001561daca800 11579       2       org.objectweb.asm.Label::pushSuccessors (77 bytes)
Event: 305.742 Thread 0x000001561daca800 nmethod 11579 0x00000156021d4590 code [0x00000156021d4740, 0x00000156021d4978]
Event: 305.752 Thread 0x000001561aead800 nmethod 11571 0x00000156083aea10 code [0x00000156083aec40, 0x00000156083affe0]
Event: 305.752 Thread 0x000001561aead800 11576       4       org.objectweb.asm.ClassReader::readElementValues (88 bytes)
Event: 305.759 Thread 0x000001561dacb000 11581       2       org.objectweb.asm.Type::getClassName (173 bytes)
Event: 305.761 Thread 0x000001561dacb000 nmethod 11581 0x00000156021d4b10 code [0x00000156021d4dc0, 0x00000156021d5778]
Event: 305.762 Thread 0x000001561aead800 nmethod 11576 0x00000156083b0910 code [0x00000156083b0ae0, 0x00000156083b1128]
Event: 305.762 Thread 0x000001561aead800 11564       4       org.objectweb.asm.AnnotationWriter::computeAnnotationsSize (42 bytes)
Event: 305.764 Thread 0x000001561aec0000 11582 %     3       org.objectweb.asm.MethodWriter::visitFrame @ 718 (811 bytes)
Event: 305.768 Thread 0x000001561aec0000 nmethod 11582% 0x00000156021d5d10 code [0x00000156021d6220, 0x00000156021d8388]
Event: 305.773 Thread 0x000001561aeae800 11583       3       org.objectweb.asm.MethodWriter::visitFrame (811 bytes)
Event: 305.776 Thread 0x000001561aeae800 nmethod 11583 0x00000156021d9290 code [0x00000156021d9780, 0x00000156021db868]
Event: 305.776 Thread 0x000001561daca800 11584       3       org.objectweb.asm.SymbolTable::addConstantMemberReference (147 bytes)
Event: 305.777 Thread 0x000001561daca800 nmethod 11584 0x00000156021dc710 code [0x00000156021dc9a0, 0x00000156021dd2c8]
Event: 305.782 Thread 0x000001561aead800 nmethod 11564 0x00000156083b1710 code [0x00000156083b1900, 0x00000156083b2208]
Event: 305.783 Thread 0x000001561aead800 11429       4       org.objectweb.asm.AnnotationWriter::visit (935 bytes)
Event: 305.792 Thread 0x000001561dace800 nmethod 11405 0x00000156083b2710 code [0x00000156083b2fc0, 0x00000156083baa38]
Event: 305.793 Thread 0x000001561dace800 11474       4       org.objectweb.asm.SymbolTable::addConstantNameAndType (137 bytes)
Event: 305.793 Thread 0x000001561dacb000 11587       2       org.objectweb.asm.MethodWriter::putMethodInfo (1274 bytes)
Event: 305.796 Thread 0x000001561dacb000 nmethod 11587 0x00000156021dd890 code [0x00000156021dde00, 0x00000156021df428]

GC Heap History (20 events):
Event: 8.877 GC heap before
{Heap before GC invocations=7 (full 0):
 garbage-first heap   total 251904K, used 161689K [0x0000000700000000, 0x0000000800000000)
  region size 1024K, 141 young (144384K), 13 survivors (13312K)
 Metaspace       used 58148K, capacity 59615K, committed 59736K, reserved 1101824K
  class space    used 7450K, capacity 7996K, committed 8064K, reserved 1048576K
}
Event: 8.898 GC heap after
{Heap after GC invocations=8 (full 0):
 garbage-first heap   total 251904K, used 37350K [0x0000000700000000, 0x0000000800000000)
  region size 1024K, 16 young (16384K), 16 survivors (16384K)
 Metaspace       used 58148K, capacity 59615K, committed 59736K, reserved 1101824K
  class space    used 7450K, capacity 7996K, committed 8064K, reserved 1048576K
}
Event: 29.231 GC heap before
{Heap before GC invocations=9 (full 0):
 garbage-first heap   total 251904K, used 171494K [0x0000000700000000, 0x0000000800000000)
  region size 1024K, 147 young (150528K), 16 survivors (16384K)
 Metaspace       used 66789K, capacity 68484K, committed 68696K, reserved 1110016K
  class space    used 8363K, capacity 8973K, committed 9088K, reserved 1048576K
}
Event: 29.242 GC heap after
{Heap after GC invocations=10 (full 0):
 garbage-first heap   total 251904K, used 44237K [0x0000000700000000, 0x0000000800000000)
  region size 1024K, 16 young (16384K), 16 survivors (16384K)
 Metaspace       used 66789K, capacity 68484K, committed 68696K, reserved 1110016K
  class space    used 8363K, capacity 8973K, committed 9088K, reserved 1048576K
}
Event: 85.596 GC heap before
{Heap before GC invocations=10 (full 0):
 garbage-first heap   total 251904K, used 177357K [0x0000000700000000, 0x0000000800000000)
  region size 1024K, 147 young (150528K), 16 survivors (16384K)
 Metaspace       used 67990K, capacity 69728K, committed 69976K, reserved 1110016K
  class space    used 8388K, capacity 9013K, committed 9088K, reserved 1048576K
}
Event: 85.603 GC heap after
{Heap after GC invocations=11 (full 0):
 garbage-first heap   total 251904K, used 46954K [0x0000000700000000, 0x0000000800000000)
  region size 1024K, 10 young (10240K), 10 survivors (10240K)
 Metaspace       used 67990K, capacity 69728K, committed 69976K, reserved 1110016K
  class space    used 8388K, capacity 9013K, committed 9088K, reserved 1048576K
}
Event: 92.825 GC heap before
{Heap before GC invocations=11 (full 0):
 garbage-first heap   total 251904K, used 186218K [0x0000000700000000, 0x0000000800000000)
  region size 1024K, 147 young (150528K), 10 survivors (10240K)
 Metaspace       used 68071K, capacity 69733K, committed 69976K, reserved 1110016K
  class space    used 8388K, capacity 9013K, committed 9088K, reserved 1048576K
}
Event: 92.828 GC heap after
{Heap after GC invocations=12 (full 0):
 garbage-first heap   total 251904K, used 46719K [0x0000000700000000, 0x0000000800000000)
  region size 1024K, 9 young (9216K), 9 survivors (9216K)
 Metaspace       used 68071K, capacity 69733K, committed 69976K, reserved 1110016K
  class space    used 8388K, capacity 9013K, committed 9088K, reserved 1048576K
}
Event: 304.746 GC heap before
{Heap before GC invocations=12 (full 0):
 garbage-first heap   total 251904K, used 190079K [0x0000000700000000, 0x0000000800000000)
  region size 1024K, 148 young (151552K), 9 survivors (9216K)
 Metaspace       used 68551K, capacity 70264K, committed 70488K, reserved 1110016K
  class space    used 8397K, capacity 9015K, committed 9088K, reserved 1048576K
}
Event: 304.751 GC heap after
{Heap after GC invocations=13 (full 0):
 garbage-first heap   total 251904K, used 50083K [0x0000000700000000, 0x0000000800000000)
  region size 1024K, 12 young (12288K), 12 survivors (12288K)
 Metaspace       used 68551K, capacity 70264K, committed 70488K, reserved 1110016K
  class space    used 8397K, capacity 9015K, committed 9088K, reserved 1048576K
}
Event: 304.958 GC heap before
{Heap before GC invocations=13 (full 0):
 garbage-first heap   total 251904K, used 188323K [0x0000000700000000, 0x0000000800000000)
  region size 1024K, 148 young (151552K), 12 survivors (12288K)
 Metaspace       used 68577K, capacity 70264K, committed 70488K, reserved 1110016K
  class space    used 8398K, capacity 9015K, committed 9088K, reserved 1048576K
}
Event: 304.964 GC heap after
{Heap after GC invocations=14 (full 0):
 garbage-first heap   total 251904K, used 49533K [0x0000000700000000, 0x0000000800000000)
  region size 1024K, 6 young (6144K), 6 survivors (6144K)
 Metaspace       used 68577K, capacity 70264K, committed 70488K, reserved 1110016K
  class space    used 8398K, capacity 9015K, committed 9088K, reserved 1048576K
}
Event: 305.148 GC heap before
{Heap before GC invocations=14 (full 0):
 garbage-first heap   total 251904K, used 192893K [0x0000000700000000, 0x0000000800000000)
  region size 1024K, 147 young (150528K), 6 survivors (6144K)
 Metaspace       used 68628K, capacity 70328K, committed 70488K, reserved 1110016K
  class space    used 8401K, capacity 9015K, committed 9088K, reserved 1048576K
}
Event: 305.151 GC heap after
{Heap after GC invocations=15 (full 0):
 garbage-first heap   total 251904K, used 49508K [0x0000000700000000, 0x0000000800000000)
  region size 1024K, 6 young (6144K), 6 survivors (6144K)
 Metaspace       used 68628K, capacity 70328K, committed 70488K, reserved 1110016K
  class space    used 8401K, capacity 9015K, committed 9088K, reserved 1048576K
}
Event: 305.325 GC heap before
{Heap before GC invocations=15 (full 0):
 garbage-first heap   total 251904K, used 192868K [0x0000000700000000, 0x0000000800000000)
  region size 1024K, 148 young (151552K), 6 survivors (6144K)
 Metaspace       used 68630K, capacity 70328K, committed 70488K, reserved 1110016K
  class space    used 8401K, capacity 9015K, committed 9088K, reserved 1048576K
}
Event: 305.328 GC heap after
{Heap after GC invocations=16 (full 0):
 garbage-first heap   total 251904K, used 50164K [0x0000000700000000, 0x0000000800000000)
  region size 1024K, 7 young (7168K), 7 survivors (7168K)
 Metaspace       used 68630K, capacity 70328K, committed 70488K, reserved 1110016K
  class space    used 8401K, capacity 9015K, committed 9088K, reserved 1048576K
}
Event: 305.496 GC heap before
{Heap before GC invocations=16 (full 0):
 garbage-first heap   total 251904K, used 192500K [0x0000000700000000, 0x0000000800000000)
  region size 1024K, 147 young (150528K), 7 survivors (7168K)
 Metaspace       used 68636K, capacity 70328K, committed 70488K, reserved 1110016K
  class space    used 8401K, capacity 9015K, committed 9088K, reserved 1048576K
}
Event: 305.502 GC heap after
{Heap after GC invocations=17 (full 0):
 garbage-first heap   total 251904K, used 51188K [0x0000000700000000, 0x0000000800000000)
  region size 1024K, 8 young (8192K), 8 survivors (8192K)
 Metaspace       used 68636K, capacity 70328K, committed 70488K, reserved 1110016K
  class space    used 8401K, capacity 9015K, committed 9088K, reserved 1048576K
}
Event: 305.688 GC heap before
{Heap before GC invocations=17 (full 0):
 garbage-first heap   total 251904K, used 192500K [0x0000000700000000, 0x0000000800000000)
  region size 1024K, 147 young (150528K), 8 survivors (8192K)
 Metaspace       used 68643K, capacity 70328K, committed 70488K, reserved 1110016K
  class space    used 8401K, capacity 9015K, committed 9088K, reserved 1048576K
}
Event: 305.694 GC heap after
{Heap after GC invocations=18 (full 0):
 garbage-first heap   total 251904K, used 54326K [0x0000000700000000, 0x0000000800000000)
  region size 1024K, 11 young (11264K), 11 survivors (11264K)
 Metaspace       used 68643K, capacity 70328K, committed 70488K, reserved 1110016K
  class space    used 8401K, capacity 9015K, committed 9088K, reserved 1048576K
}

Deoptimization events (20 events):
Event: 305.660 Thread 0x00000156222de800 Uncommon trap: trap_request=0xffffff4d fr.pc=0x0000015608343760 relative=0x0000000000000480
Event: 305.660 Thread 0x00000156222de800 Uncommon trap: reason=unstable_if action=reinterpret pc=0x0000015608343760 method=org.objectweb.asm.MethodWriter.visitVarInsn(II)V @ 148 c2
Event: 305.660 Thread 0x00000156222de800 DEOPT PACKING pc=0x0000015608343760 sp=0x00000009769fdce0
Event: 305.660 Thread 0x00000156222de800 DEOPT UNPACKING pc=0x000001560004a1af sp=0x00000009769fdc88 mode 2
Event: 305.662 Thread 0x00000156222e5000 DEOPT PACKING pc=0x00000156021a1296 sp=0x0000000976efe250
Event: 305.662 Thread 0x00000156222e5000 DEOPT UNPACKING pc=0x000001560004a95e sp=0x0000000976efd770 mode 0
Event: 305.668 Thread 0x00000156222de800 DEOPT PACKING pc=0x00000156021a1296 sp=0x00000009769fe480
Event: 305.668 Thread 0x00000156222de800 DEOPT UNPACKING pc=0x000001560004a95e sp=0x00000009769fd9a0 mode 0
Event: 305.775 Thread 0x00000156222d9000 Uncommon trap: trap_request=0xffffff4d fr.pc=0x00000156083ac438 relative=0x0000000000002d38
Event: 305.776 Thread 0x00000156222d9000 Uncommon trap: reason=unstable_if action=reinterpret pc=0x00000156083ac438 method=org.objectweb.asm.SymbolTable.addConstantMemberReference(ILjava/lang/String;Ljava/lang/String;Ljava/lang/String;)Lorg/objectweb/asm/SymbolTable$Entry; @ 63 c2
Event: 305.776 Thread 0x00000156222d9000 DEOPT PACKING pc=0x00000156083ac438 sp=0x0000000976afd910
Event: 305.776 Thread 0x00000156222d9000 DEOPT UNPACKING pc=0x000001560004a1af sp=0x0000000976afd928 mode 2
Event: 305.792 Thread 0x00000156222de800 Uncommon trap: trap_request=0xffffff4d fr.pc=0x00000156083b8988 relative=0x00000000000059c8
Event: 305.792 Thread 0x00000156222de800 Uncommon trap: reason=unstable_if action=reinterpret pc=0x00000156083b8988 method=org.objectweb.asm.MethodWriter.putMethodInfo(Lorg/objectweb/asm/ByteVector;)V @ 9 c2
Event: 305.793 Thread 0x00000156222e1000 Uncommon trap: trap_request=0xffffff4d fr.pc=0x00000156083b89c0 relative=0x0000000000005a00
Event: 305.793 Thread 0x00000156222e1000 Uncommon trap: reason=unstable_if action=reinterpret pc=0x00000156083b89c0 method=org.objectweb.asm.MethodWriter.putMethodInfo(Lorg/objectweb/asm/ByteVector;)V @ 200 c2
Event: 305.793 Thread 0x00000156222e1000 DEOPT PACKING pc=0x00000156083b89c0 sp=0x0000000976ffe0d0
Event: 305.793 Thread 0x00000156222e1000 DEOPT UNPACKING pc=0x000001560004a1af sp=0x0000000976ffe0a8 mode 2
Event: 305.793 Thread 0x00000156222de800 DEOPT PACKING pc=0x00000156083b8988 sp=0x00000009769fe310
Event: 305.793 Thread 0x00000156222de800 DEOPT UNPACKING pc=0x000001560004a1af sp=0x00000009769fe2e0 mode 2

Classes redefined (0 events):
No events

Internal exceptions (20 events):
Event: 305.572 Thread 0x00000156222e2800 Exception <a 'sun/nio/fs/WindowsException'{0x000000070c036428}> (0x000000070c036428) thrown at [./src/hotspot/share/prims/jni.cpp, line 616]
Event: 305.576 Thread 0x00000156222e4800 Exception <a 'sun/nio/fs/WindowsException'{0x000000070c46cfe0}> (0x000000070c46cfe0) thrown at [./src/hotspot/share/prims/jni.cpp, line 616]
Event: 305.604 Thread 0x000001561e3e5800 Exception <a 'sun/nio/fs/WindowsException'{0x000000070e431aa8}> (0x000000070e431aa8) thrown at [./src/hotspot/share/prims/jni.cpp, line 616]
Event: 305.613 Thread 0x00000156222e2800 Exception <a 'sun/nio/fs/WindowsException'{0x000000070c0365c8}> (0x000000070c0365c8) thrown at [./src/hotspot/share/prims/jni.cpp, line 616]
Event: 305.616 Thread 0x00000156222df800 Exception <a 'sun/nio/fs/WindowsException'{0x000000070a27dc20}> (0x000000070a27dc20) thrown at [./src/hotspot/share/prims/jni.cpp, line 616]
Event: 305.623 Thread 0x000001561e3e5800 Exception <a 'sun/nio/fs/WindowsException'{0x000000070e4320e8}> (0x000000070e4320e8) thrown at [./src/hotspot/share/prims/jni.cpp, line 616]
Event: 305.624 Thread 0x00000156222df800 Exception <a 'sun/nio/fs/WindowsException'{0x000000070a27dde0}> (0x000000070a27dde0) thrown at [./src/hotspot/share/prims/jni.cpp, line 616]
Event: 305.633 Thread 0x00000156222e4800 Exception <a 'sun/nio/fs/WindowsException'{0x000000070c46d188}> (0x000000070c46d188) thrown at [./src/hotspot/share/prims/jni.cpp, line 616]
Event: 305.636 Thread 0x00000156222de800 Exception <a 'sun/nio/fs/WindowsException'{0x00000007099c4d98}> (0x00000007099c4d98) thrown at [./src/hotspot/share/prims/jni.cpp, line 616]
Event: 305.636 Thread 0x00000156222e2000 Exception <a 'sun/nio/fs/WindowsException'{0x00000007096ebff8}> (0x00000007096ebff8) thrown at [./src/hotspot/share/prims/jni.cpp, line 616]
Event: 305.637 Thread 0x00000156222e2800 Exception <a 'sun/nio/fs/WindowsException'{0x0000000709805ee0}> (0x0000000709805ee0) thrown at [./src/hotspot/share/prims/jni.cpp, line 616]
Event: 305.665 Thread 0x00000156222df800 Exception <a 'sun/nio/fs/WindowsException'{0x000000070a288380}> (0x000000070a288380) thrown at [./src/hotspot/share/prims/jni.cpp, line 616]
Event: 305.665 Thread 0x00000156222e6000 Exception <a 'sun/nio/fs/WindowsException'{0x00000007085a5580}> (0x00000007085a5580) thrown at [./src/hotspot/share/prims/jni.cpp, line 616]
Event: 305.681 Thread 0x000001561e3e5800 Exception <a 'sun/nio/fs/WindowsException'{0x0000000707cb15a8}> (0x0000000707cb15a8) thrown at [./src/hotspot/share/prims/jni.cpp, line 616]
Event: 305.683 Thread 0x00000156222df800 Exception <a 'sun/nio/fs/WindowsException'{0x0000000706fa10e0}> (0x0000000706fa10e0) thrown at [./src/hotspot/share/prims/jni.cpp, line 616]
Event: 305.685 Thread 0x00000156222df800 Exception <a 'sun/nio/fs/WindowsException'{0x0000000706fa1298}> (0x0000000706fa1298) thrown at [./src/hotspot/share/prims/jni.cpp, line 616]
Event: 305.753 Thread 0x00000156222e4800 Exception <a 'sun/nio/fs/WindowsException'{0x000000070d46bc80}> (0x000000070d46bc80) thrown at [./src/hotspot/share/prims/jni.cpp, line 616]
Event: 305.763 Thread 0x00000156222df800 Exception <a 'sun/nio/fs/WindowsException'{0x000000070cdf2c70}> (0x000000070cdf2c70) thrown at [./src/hotspot/share/prims/jni.cpp, line 616]
Event: 305.787 Thread 0x00000156222e4800 Exception <a 'sun/nio/fs/WindowsException'{0x000000070ad691d0}> (0x000000070ad691d0) thrown at [./src/hotspot/share/prims/jni.cpp, line 616]
Event: 305.793 Thread 0x00000156222e4800 Exception <a 'sun/nio/fs/WindowsException'{0x000000070ad69398}> (0x000000070ad69398) thrown at [./src/hotspot/share/prims/jni.cpp, line 616]

Events (20 events):
Event: 305.069 loading class org/objectweb/asm/TypePath
Event: 305.069 loading class org/objectweb/asm/TypePath done
Event: 305.125 loading class sun/nio/fs/WindowsSecurity$1
Event: 305.125 loading class sun/nio/fs/WindowsSecurity$Privilege
Event: 305.125 loading class sun/nio/fs/WindowsSecurity$Privilege done
Event: 305.125 loading class sun/nio/fs/WindowsSecurity$1 done
Event: 305.147 Executing VM operation: G1CollectForAllocation
Event: 305.151 Executing VM operation: G1CollectForAllocation done
Event: 305.321 Executing VM operation: G1CollectForAllocation
Event: 305.322 Executing VM operation: G1CollectForAllocation done
Event: 305.324 Executing VM operation: G1CollectForAllocation
Event: 305.328 Executing VM operation: G1CollectForAllocation done
Event: 305.495 Executing VM operation: G1CollectForAllocation
Event: 305.502 Executing VM operation: G1CollectForAllocation done
Event: 305.566 Executing VM operation: RevokeBias
Event: 305.567 Executing VM operation: RevokeBias done
Event: 305.688 Executing VM operation: G1CollectForAllocation
Event: 305.688 Executing VM operation: G1CollectForAllocation done
Event: 305.688 Executing VM operation: G1CollectForAllocation
Event: 305.694 Executing VM operation: G1CollectForAllocation done


Dynamic libraries:
0x00007ff7b16e0000 - 0x00007ff7b16ed000 	C:\Program Files\Unity\Hub\Editor\2022.3.52f1c1\Editor\Data\PlaybackEngines\AndroidPlayer\OpenJDK\bin\java.exe
0x00007ffe24420000 - 0x00007ffe24629000 	C:\WINDOWS\SYSTEM32\ntdll.dll
0x00007ffe23610000 - 0x00007ffe236ce000 	C:\WINDOWS\System32\KERNEL32.DLL
0x00007ffe21c30000 - 0x00007ffe21fab000 	C:\WINDOWS\System32\KERNELBASE.dll
0x00007ffe21fb0000 - 0x00007ffe220c1000 	C:\WINDOWS\System32\ucrtbase.dll
0x00007ffe15610000 - 0x00007ffe15627000 	C:\Program Files\Unity\Hub\Editor\2022.3.52f1c1\Editor\Data\PlaybackEngines\AndroidPlayer\OpenJDK\bin\jli.dll
0x00007ffe155f0000 - 0x00007ffe15605000 	C:\Program Files\Unity\Hub\Editor\2022.3.52f1c1\Editor\Data\PlaybackEngines\AndroidPlayer\OpenJDK\bin\VCRUNTIME140.dll
0x00007ffe22c70000 - 0x00007ffe22e1d000 	C:\WINDOWS\System32\USER32.dll
0x00007ffe218f0000 - 0x00007ffe21916000 	C:\WINDOWS\System32\win32u.dll
0x00007ffe12910000 - 0x00007ffe12bb5000 	C:\WINDOWS\WinSxS\amd64_microsoft.windows.common-controls_6595b64144ccf1df_6.0.22000.120_none_9d947278b86cc467\COMCTL32.dll
0x00007ffe230c0000 - 0x00007ffe230e9000 	C:\WINDOWS\System32\GDI32.dll
0x00007ffe24320000 - 0x00007ffe243c3000 	C:\WINDOWS\System32\msvcrt.dll
0x00007ffe21a90000 - 0x00007ffe21ba8000 	C:\WINDOWS\System32\gdi32full.dll
0x00007ffe220d0000 - 0x00007ffe2216d000 	C:\WINDOWS\System32\msvcp_win.dll
0x00007ffe23020000 - 0x00007ffe23052000 	C:\WINDOWS\System32\IMM32.DLL
0x00007ffdf11c0000 - 0x00007ffdf125b000 	C:\Program Files\Unity\Hub\Editor\2022.3.52f1c1\Editor\Data\PlaybackEngines\AndroidPlayer\OpenJDK\bin\msvcp140.dll
0x00007ffd7fc90000 - 0x00007ffd80811000 	C:\Program Files\Unity\Hub\Editor\2022.3.52f1c1\Editor\Data\PlaybackEngines\AndroidPlayer\OpenJDK\bin\server\jvm.dll
0x00007ffe23170000 - 0x00007ffe2321e000 	C:\WINDOWS\System32\ADVAPI32.dll
0x00007ffe233b0000 - 0x00007ffe2344e000 	C:\WINDOWS\System32\sechost.dll
0x00007ffe238f0000 - 0x00007ffe23a10000 	C:\WINDOWS\System32\RPCRT4.dll
0x00007ffe243d0000 - 0x00007ffe243d8000 	C:\WINDOWS\System32\PSAPI.DLL
0x00007ffe17cd0000 - 0x00007ffe17cd9000 	C:\WINDOWS\SYSTEM32\WSOCK32.dll
0x00007ffe196b0000 - 0x00007ffe196ba000 	C:\WINDOWS\SYSTEM32\VERSION.dll
0x00007ffe226b0000 - 0x00007ffe2271f000 	C:\WINDOWS\System32\WS2_32.dll
0x00007ffe1c520000 - 0x00007ffe1c553000 	C:\WINDOWS\SYSTEM32\WINMM.dll
0x00007ffe20970000 - 0x00007ffe20988000 	C:\WINDOWS\SYSTEM32\kernel.appcore.dll
0x00007ffdf11b0000 - 0x00007ffdf11c0000 	C:\Program Files\Unity\Hub\Editor\2022.3.52f1c1\Editor\Data\PlaybackEngines\AndroidPlayer\OpenJDK\bin\verify.dll
0x00007ffe1f0d0000 - 0x00007ffe1f2f1000 	C:\WINDOWS\SYSTEM32\DBGHELP.DLL
0x00007ffe18b60000 - 0x00007ffe18b91000 	C:\WINDOWS\SYSTEM32\dbgcore.DLL
0x00007ffe21bb0000 - 0x00007ffe21c2f000 	C:\WINDOWS\System32\bcryptPrimitives.dll
0x00007ffdf1180000 - 0x00007ffdf11a8000 	C:\Program Files\Unity\Hub\Editor\2022.3.52f1c1\Editor\Data\PlaybackEngines\AndroidPlayer\OpenJDK\bin\java.dll
0x00007ffdf1170000 - 0x00007ffdf117a000 	C:\Program Files\Unity\Hub\Editor\2022.3.52f1c1\Editor\Data\PlaybackEngines\AndroidPlayer\OpenJDK\bin\jimage.dll
0x00007ffdf1150000 - 0x00007ffdf1168000 	C:\Program Files\Unity\Hub\Editor\2022.3.52f1c1\Editor\Data\PlaybackEngines\AndroidPlayer\OpenJDK\bin\zip.dll
0x00007ffe23a20000 - 0x00007ffe241d8000 	C:\WINDOWS\System32\SHELL32.dll
0x00007ffe1f9e0000 - 0x00007ffe20245000 	C:\WINDOWS\SYSTEM32\windows.storage.dll
0x00007ffe222c0000 - 0x00007ffe22638000 	C:\WINDOWS\System32\combase.dll
0x00007ffe1f870000 - 0x00007ffe1f9d6000 	C:\WINDOWS\SYSTEM32\wintypes.dll
0x00007ffe23230000 - 0x00007ffe2331a000 	C:\WINDOWS\System32\SHCORE.dll
0x00007ffe22e20000 - 0x00007ffe22e7d000 	C:\WINDOWS\System32\shlwapi.dll
0x00007ffe21820000 - 0x00007ffe21841000 	C:\WINDOWS\SYSTEM32\profapi.dll
0x00007ffdf1130000 - 0x00007ffdf1149000 	C:\Program Files\Unity\Hub\Editor\2022.3.52f1c1\Editor\Data\PlaybackEngines\AndroidPlayer\OpenJDK\bin\net.dll
0x00007ffe1c830000 - 0x00007ffe1c944000 	C:\WINDOWS\SYSTEM32\WINHTTP.dll
0x00007ffe20e10000 - 0x00007ffe20e77000 	C:\WINDOWS\system32\mswsock.dll
0x00007ffdf1110000 - 0x00007ffdf1123000 	C:\Program Files\Unity\Hub\Editor\2022.3.52f1c1\Editor\Data\PlaybackEngines\AndroidPlayer\OpenJDK\bin\nio.dll
0x00007ffdf10e0000 - 0x00007ffdf1107000 	C:\AndroidStudio\.gradle\native\e1d6ef7f7dcc3fd88c89a11ec53ec762bb8ba0a96d01ffa2cd45eb1d1d8dd5c5\windows-amd64\native-platform.dll
0x00007ffd944a0000 - 0x00007ffd945e4000 	C:\AndroidStudio\.gradle\native\0d407fdbe67a94daf76414ababcb853783967236a71b16ec16e742cd7a986fd3\windows-amd64\native-platform-file-events.dll
0x00007ffdf10c0000 - 0x00007ffdf10c9000 	C:\Program Files\Unity\Hub\Editor\2022.3.52f1c1\Editor\Data\PlaybackEngines\AndroidPlayer\OpenJDK\bin\management.dll
0x00007ffdd8e80000 - 0x00007ffdd8e8b000 	C:\Program Files\Unity\Hub\Editor\2022.3.52f1c1\Editor\Data\PlaybackEngines\AndroidPlayer\OpenJDK\bin\management_ext.dll
0x00007ffe21050000 - 0x00007ffe21068000 	C:\WINDOWS\SYSTEM32\CRYPTSP.dll
0x00007ffe208d0000 - 0x00007ffe20905000 	C:\WINDOWS\system32\rsaenh.dll
0x00007ffe20f00000 - 0x00007ffe20f29000 	C:\WINDOWS\SYSTEM32\USERENV.dll
0x00007ffe211e0000 - 0x00007ffe21207000 	C:\WINDOWS\SYSTEM32\bcrypt.dll
0x00007ffe21070000 - 0x00007ffe2107c000 	C:\WINDOWS\SYSTEM32\CRYPTBASE.dll
0x00007ffe204a0000 - 0x00007ffe204cd000 	C:\WINDOWS\SYSTEM32\IPHLPAPI.DLL
0x00007ffe23540000 - 0x00007ffe23549000 	C:\WINDOWS\System32\NSI.dll
0x00007ffe1c500000 - 0x00007ffe1c519000 	C:\WINDOWS\SYSTEM32\dhcpcsvc6.DLL
0x00007ffe1ce10000 - 0x00007ffe1ce2e000 	C:\WINDOWS\SYSTEM32\dhcpcsvc.DLL
0x00007ffe20510000 - 0x00007ffe205f8000 	C:\WINDOWS\SYSTEM32\DNSAPI.dll
0x00007ffdf10d0000 - 0x00007ffdf10de000 	C:\Program Files\Unity\Hub\Editor\2022.3.52f1c1\Editor\Data\PlaybackEngines\AndroidPlayer\OpenJDK\bin\sunmscapi.dll
0x00007ffe21920000 - 0x00007ffe21a82000 	C:\WINDOWS\System32\CRYPT32.dll
0x00007ffe211b0000 - 0x00007ffe211d8000 	C:\WINDOWS\SYSTEM32\ncrypt.dll
0x00007ffe21170000 - 0x00007ffe211a7000 	C:\WINDOWS\SYSTEM32\NTASN1.dll
0x00007ffda2000000 - 0x00007ffda2025000 	C:\Program Files\Unity\Hub\Editor\2022.3.52f1c1\Editor\Data\PlaybackEngines\AndroidPlayer\OpenJDK\bin\sunec.dll
0x00007ffe1a7b0000 - 0x00007ffe1a7ba000 	C:\Windows\System32\rasadhlp.dll
0x00007ffe1b420000 - 0x00007ffe1b4a1000 	C:\WINDOWS\System32\fwpuclnt.dll
0x00007ffe20990000 - 0x00007ffe209c4000 	C:\WINDOWS\SYSTEM32\ntmarta.dll

dbghelp: loaded successfully - version: 4.0.5 - missing functions: none
symbol engine: initialized successfully - sym options: 0x614 - pdb path: .;C:\Program Files\Unity\Hub\Editor\2022.3.52f1c1\Editor\Data\PlaybackEngines\AndroidPlayer\OpenJDK\bin;C:\WINDOWS\SYSTEM32;C:\WINDOWS\WinSxS\amd64_microsoft.windows.common-controls_6595b64144ccf1df_6.0.22000.120_none_9d947278b86cc467;C:\Program Files\Unity\Hub\Editor\2022.3.52f1c1\Editor\Data\PlaybackEngines\AndroidPlayer\OpenJDK\bin\server;C:\AndroidStudio\.gradle\native\e1d6ef7f7dcc3fd88c89a11ec53ec762bb8ba0a96d01ffa2cd45eb1d1d8dd5c5\windows-amd64;C:\AndroidStudio\.gradle\native\0d407fdbe67a94daf76414ababcb853783967236a71b16ec16e742cd7a986fd3\windows-amd64

VM Arguments:
jvm_args: --add-opens=java.base/java.util=ALL-UNNAMED --add-opens=java.base/java.lang=ALL-UNNAMED --add-opens=java.base/java.lang.invoke=ALL-UNNAMED --add-opens=java.base/java.util=ALL-UNNAMED --add-opens=java.prefs/java.util.prefs=ALL-UNNAMED --add-opens=java.prefs/java.util.prefs=ALL-UNNAMED --add-opens=java.base/java.nio.charset=ALL-UNNAMED --add-opens=java.base/java.net=ALL-UNNAMED --add-opens=java.base/java.util.concurrent.atomic=ALL-UNNAMED -Xmx4096m -Dfile.encoding=GBK -Duser.country=CN -Duser.language=zh -Duser.variant 
java_command: org.gradle.launcher.daemon.bootstrap.GradleDaemon 7.5.1
java_class_path (initial): C:\Program Files\Unity\Hub\Editor\2022.3.52f1c1\Editor\Data\PlaybackEngines\AndroidPlayer\Tools\gradle\lib\gradle-launcher-7.5.1.jar
Launcher Type: SUN_STANDARD

[Global flags]
     intx CICompilerCount                          = 12                                        {product} {ergonomic}
     uint ConcGCThreads                            = 3                                         {product} {ergonomic}
     uint G1ConcRefinementThreads                  = 13                                        {product} {ergonomic}
   size_t G1HeapRegionSize                         = 1048576                                   {product} {ergonomic}
    uintx GCDrainStackTargetSize                   = 64                                        {product} {ergonomic}
   size_t InitialHeapSize                          = 257949696                                 {product} {ergonomic}
   size_t MarkStackSize                            = 4194304                                   {product} {ergonomic}
   size_t MaxHeapSize                              = 4294967296                                {product} {command line}
   size_t MaxNewSize                               = 2576351232                                {product} {ergonomic}
   size_t MinHeapDeltaBytes                        = 1048576                                   {product} {ergonomic}
    uintx NonNMethodCodeHeapSize                   = 7594288                                {pd product} {ergonomic}
    uintx NonProfiledCodeHeapSize                  = 122031976                              {pd product} {ergonomic}
    uintx ProfiledCodeHeapSize                     = 122031976                              {pd product} {ergonomic}
    uintx ReservedCodeCacheSize                    = 251658240                              {pd product} {ergonomic}
     bool SegmentedCodeCache                       = true                                      {product} {ergonomic}
     bool UseCompressedClassPointers               = true                                 {lp64_product} {ergonomic}
     bool UseCompressedOops                        = true                                 {lp64_product} {ergonomic}
     bool UseG1GC                                  = true                                      {product} {ergonomic}
     bool UseLargePagesIndividualAllocation        = false                                  {pd product} {ergonomic}

Logging:
Log output configuration:
 #0: stdout all=warning uptime,level,tags
 #1: stderr all=off uptime,level,tags

Environment Variables:
JAVA_HOME=C:\Program Files\Unity\Hub\Editor\2022.3.52f1c1\Editor\Data\PlaybackEngines\AndroidPlayer\OpenJDK
CLASSPATH=.;C:\Program Files\Java\jdk-16.0.2\lib;C:\Program Files\Java\jdk-16.0.2\lib\tools.jar
PATH=C:\Program Files (x86)\VMware\VMware Workstation\bin\;C:\Program Files\Common Files\Oracle\Java\javapath;C:\Program Files (x86)\Common Files\Oracle\Java\javapath;C:\WINDOWS\system32;C:\WINDOWS;C:\WINDOWS\System32\Wbem;C:\WINDOWS\System32\WindowsPowerShell\v1.0\;C:\WINDOWS\System32\OpenSSH\;C:\Program Files (x86)\MySQL\MySQL Server 5.5\bin;C:\Maven\apache-maven-3.8.2\bin;C:\Program Files\Java\jdk-16.0.2\bin;C:\Program Files\MATLAB\R2018b\runtime\win64;C:\Program Files\MATLAB\R2018b\bin;C:\Program Files\nodejs\;C:\Program Files\Git\cmd;C:\Program Files (x86)\Git\cmd;C:\Program Files (x86)\NetSarang\Xshell 7\;C:\WorkSpace\Python\Settings\Scripts\;C:\WorkSpace\Python\Settings\;C:\Users\19133\AppData\Local\Programs\Python\Python37\Scripts\;C:\Users\19133\AppData\Local\Programs\Python\Python37\;C:\Users\19133\AppData\Local\Microsoft\WindowsApps;C:\Program Files\JetBrains\IntelliJ IDEA Community Edition 2020.2.3\bin;;C:\AndroidStudio\gradle-6.6\bin;C:\Users\19133\AppData\Roaming\npm;C:\WorkSpace\C\Eclipse\mingw64\bin;C:\Users\19133\AppData\Local\Programs\Microsoft VS Code\bin
USERNAME=19133
OS=Windows_NT
PROCESSOR_IDENTIFIER=AMD64 Family 23 Model 96 Stepping 1, AuthenticAMD



---------------  S Y S T E M  ---------------

OS: Windows 11 , 64 bit Build 22000 (10.0.22000.1219)
OS uptime: 4 days 20:49 hours

CPU:total 16 (initial active 16) (16 cores per cpu, 2 threads per core) family 23 model 96 stepping 1 microcode 0x0, cmov, cx8, fxsr, mmx, sse, sse2, sse3, ssse3, sse4.1, sse4.2, popcnt, avx, avx2, aes, clmul, mmxext, 3dnowpref, lzcnt, sse4a, ht, tsc, tscinvbit, tscinv, bmi1, bmi2, adx, sha, fma

Memory: 4k page, system-wide physical 15734M (2942M free)
TotalPageFile size 28022M (AvailPageFile size 8578M)
current process WorkingSet (physical memory assigned to process): 555M, peak: 567M
current process commit charge ("private bytes"): 656M, peak: 670M

vm_info: OpenJDK 64-Bit Server VM (11.0.14.1+1) for windows-amd64 JRE (11.0.14.1+1), built on Feb  9 2022 01:48:27 by "" with unknown MS VC++:1916

END.
